game_date,at_bats,hits,home_runs,walks,strikeouts,stolen_bases,batting_avg_game,cum_hits,cum_at_bats,cum_avg,cum_home_runs,cum_stolen_bases,rolling_avg_7g,rolling_avg_30g,month
2026-03-26,5,2,0,0,2,0,0.4,2,5,0.4,0,0,,,March
2026-03-28,4,2,0,1,1,0,0.5,4,9,0.444,0,0,,,March
2026-03-29,4,0,0,0,0,0,0.0,4,13,0.308,0,0,,,March
2026-03-30,3,1,0,1,1,0,0.333,5,16,0.312,0,0,,,March
2026-03-31,3,0,0,0,2,0,0.0,5,19,0.263,0,0,,,March
2026-04-01,4,1,0,0,2,0,0.25,6,23,0.261,0,0,,,April
2026-04-03,3,1,0,0,0,0,0.333,7,26,0.269,0,0,0.269,,April
2026-04-05,8,1,0,0,2,0,0.125,8,34,0.235,0,0,0.207,,April
2026-04-06,4,0,0,0,2,0,0.0,8,38,0.211,0,0,0.138,,April
2026-04-07,5,3,1,0,0,0,0.6,11,43,0.256,1,0,0.233,,April
2026-04-08,4,0,0,0,1,0,0.0,11,47,0.234,1,0,0.194,,April
2026-04-10,4,0,0,0,1,0,0.0,11,51,0.216,1,0,0.188,,April
2026-04-11,5,1,0,0,3,0,0.2,12,56,0.214,1,0,0.182,,April
2026-04-12,4,0,0,0,2,0,0.0,12,60,0.2,1,0,0.147,,April
2026-04-13,5,1,0,0,2,0,0.2,13,65,0.2,1,0,0.161,,April
2026-04-14,4,2,0,0,1,0,0.5,15,69,0.217,1,0,0.226,,April
2026-04-15,4,2,0,0,1,0,0.5,17,73,0.233,1,0,0.2,,April
2026-04-17,3,0,0,1,1,0,0.0,17,76,0.224,1,0,0.207,,April
2026-04-18,3,0,0,0,0,0,0.0,17,79,0.215,1,0,0.214,,April
2026-04-19,3,1,0,0,1,0,0.333,18,82,0.22,1,0,0.231,,April
2026-04-20,3,0,0,1,0,0,0.0,18,85,0.212,1,0,0.24,,April
2026-04-21,5,2,0,0,1,0,0.4,20,90,0.222,1,0,0.28,,April
2026-04-22,4,3,0,0,1,0,0.75,23,94,0.245,1,0,0.32,,April
2026-04-23,2,0,0,0,2,0,0.0,23,96,0.24,1,0,0.261,,April
2026-04-24,3,1,0,1,1,0,0.333,24,99,0.242,1,0,0.304,,April
2026-04-25,4,0,0,0,4,0,0.0,24,103,0.233,1,0,0.292,,April
2026-04-26,3,1,0,1,0,0,0.333,25,106,0.236,1,0,0.292,,April
2026-04-27,3,1,0,1,1,0,0.333,26,109,0.239,1,0,0.333,,April
2026-04-28,4,1,1,1,2,0,0.25,27,113,0.239,2,0,0.304,,April
2026-04-29,4,1,1,0,1,0,0.25,28,117,0.239,3,0,0.217,0.239,April
2026-05-01,4,1,0,0,0,0,0.25,29,121,0.24,3,0,0.24,0.233,May
2026-05-02,3,0,0,1,1,0,0.0,29,124,0.234,3,0,0.2,0.217,May
2026-05-03,4,1,0,0,0,0,0.25,30,128,0.234,3,0,0.24,0.226,May
2026-05-04,4,1,0,0,1,0,0.25,31,132,0.235,3,0,0.231,0.224,May
2026-05-05,4,1,0,0,1,0,0.25,32,136,0.235,3,0,0.222,0.231,May
2026-05-06,3,2,1,0,0,0,0.667,34,139,0.245,4,0,0.269,0.241,May
2026-05-07,3,1,0,1,0,0,0.333,35,142,0.246,4,0,0.28,0.241,May
2026-05-08,4,2,0,0,1,0,0.5,37,146,0.253,4,0,0.32,0.259,May
2026-05-09,3,0,0,1,0,0,0.0,37,149,0.248,4,0,0.32,0.261,May
2026-05-10,3,0,0,0,0,0,0.0,37,152,0.243,4,0,0.292,0.239,May
2026-05-12,3,0,0,0,2,0,0.0,37,155,0.239,4,0,0.261,0.241,May
2026-05-13,3,0,0,1,1,0,0.0,37,158,0.234,4,0,0.227,0.243,May
2026-05-14,3,1,0,1,0,0,0.333,38,161,0.236,4,0,0.182,0.248,May
2026-05-15,5,1,0,0,2,0,0.2,39,166,0.235,4,0,0.167,0.255,May
2026-05-16,3,1,1,1,1,0,0.333,40,169,0.237,5,0,0.13,0.26,May
2026-05-17,3,0,0,0,0,0,0.0,40,172,0.233,5,0,0.13,0.243,May
2026-05-18,4,0,0,0,2,0,0.0,40,176,0.227,5,0,0.125,0.223,May
2026-05-19,4,1,0,0,2,0,0.25,41,180,0.228,5,0,0.16,0.231,May
2026-05-20,3,0,0,0,2,0,0.0,41,183,0.224,5,0,0.16,0.231,May
2026-05-22,2,1,1,2,0,0,0.5,42,185,0.227,6,0,0.167,0.233,May
2026-05-23,4,1,0,0,2,0,0.25,43,189,0.228,6,0,0.174,0.24,May
2026-05-24,1,0,0,3,0,0,0.0,43,190,0.226,6,0,0.143,0.23,May
2026-05-25,4,0,0,0,0,0,0.0,43,194,0.222,6,0,0.136,0.2,May
2026-05-26,3,1,0,0,0,0,0.333,44,197,0.223,6,0,0.19,0.208,May
2026-05-27,5,1,0,1,3,0,0.2,45,202,0.223,6,0,0.182,0.204,May
2026-05-28,4,1,0,1,2,0,0.25,46,206,0.223,6,0,0.217,0.214,May
2026-05-29,5,1,0,0,2,0,0.2,47,211,0.223,6,0,0.192,0.21,May
2026-05-30,5,4,1,0,1,0,0.8,51,216,0.236,7,0,0.296,0.234,May
2026-05-31,4,1,0,0,0,0,0.25,52,220,0.236,7,0,0.3,0.234,May
2026-06-02,4,2,0,0,0,0,0.5,54,224,0.241,7,0,0.367,0.243,June
2026-06-03,5,1,1,0,2,0,0.2,55,229,0.24,8,0,0.344,0.241,June
2026-06-04,4,2,1,0,2,0,0.5,57,233,0.245,9,0,0.387,0.257,June
2026-06-05,2,1,0,1,0,0,0.5,58,235,0.247,9,0,0.414,0.262,June
2026-06-06,5,4,2,0,0,0,0.8,62,240,0.258,11,0,0.517,0.287,June
2026-06-07,5,1,0,0,2,0,0.2,63,245,0.257,11,0,0.414,0.284,June
2026-06-09,4,0,0,1,3,0,0.0,63,249,0.253,11,0,0.379,0.264,June
2026-06-10,4,1,0,0,0,0,0.25,64,253,0.253,11,0,0.345,0.261,June
2026-06-11,5,2,0,0,0,0,0.4,66,258,0.256,11,0,0.379,0.259,June
2026-06-12,4,1,0,0,1,0,0.25,67,262,0.256,11,0,0.345,0.265,June
2026-06-13,5,3,1,0,2,0,0.6,70,267,0.262,12,0,0.375,0.287,June
2026-06-14,4,2,0,0,1,0,0.5,72,271,0.266,12,0,0.323,0.302,June
2026-06-15,4,4,1,0,0,0,1.0,76,275,0.276,13,0,0.433,0.333,June
2026-06-16,5,1,1,0,2,0,0.2,77,280,0.275,14,0,0.452,0.328,June
2026-06-17,4,1,1,1,1,0,0.25,78,284,0.275,15,0,0.452,0.331,June
2026-06-19,3,3,0,2,0,0,1.0,81,287,0.282,15,0,0.517,0.347,June
2026-06-20,4,2,1,1,2,0,0.5,83,291,0.285,16,0,0.552,0.361,June
2026-06-23,3,1,1,2,2,0,0.333,84,294,0.286,17,0,0.519,0.373,June
2026-06-24,9,3,0,2,5,0,0.333,87,303,0.287,17,0,0.469,0.374,June
2026-06-25,5,2,0,0,1,0,0.4,89,308,0.289,17,0,0.394,0.384,June
2026-06-26,3,0,0,1,2,0,0.0,89,311,0.286,17,0,0.387,0.373,June
2026-06-27,5,0,0,0,3,0,0.0,89,316,0.282,17,0,0.344,0.362,June
2026-06-28,3,0,0,2,1,0,0.0,89,319,0.279,17,0,0.25,0.357,June
2026-06-29,3,2,0,2,0,0,0.667,91,322,0.283,17,0,0.258,0.375,June
2026-06-30,4,1,1,1,1,0,0.25,92,326,0.282,18,0,0.25,0.372,June
2026-07-01,4,2,1,0,1,0,0.5,94,330,0.285,19,0,0.259,0.383,July
2026-07-03,3,1,0,0,0,0,0.333,95,333,0.285,19,0,0.24,0.386,July
2026-07-04,1,1,0,2,0,0,1.0,96,334,0.287,19,0,0.304,0.398,July
2026-07-05,4,2,0,0,1,0,0.5,98,338,0.29,19,0,0.409,0.385,July
2026-07-07,5,2,0,0,1,0,0.4,100,343,0.292,19,0,0.458,0.39,July
2026-07-08,4,2,2,1,2,0,0.5,102,347,0.294,21,0,0.44,0.39,July
2026-07-09,3,1,0,1,1,0,0.333,103,350,0.294,21,0,0.458,0.397,July
2026-07-10,4,0,0,0,3,0,0.0,103,354,0.291,21,0,0.375,0.38,July
2026-07-11,3,0,0,2,2,0,0.0,103,357,0.289,21,0,0.333,0.369,July
2026-07-12,3,1,0,2,0,0,0.333,104,360,0.289,21,0,0.308,0.35,July
2026-07-17,3,0,0,1,1,0,0.0,104,363,0.287,21,0,0.24,0.347,July
2026-07-18,5,0,0,0,3,0,0.0,104,368,0.283,21,0,0.16,0.345,July
2026-07-19,4,1,0,0,2,0,0.25,105,372,0.282,21,0,0.12,0.345,July
2026-07-20,5,0,0,0,0,0,0.0,105,377,0.279,21,0,0.074,0.328,July
2026-07-21,2,2,0,3,0,0,1.0,107,379,0.282,21,0,0.16,0.342,July
2026-07-22,3,0,0,0,2,0,0.0,107,382,0.28,21,0,0.16,0.322,July
2026-07-24,5,2,1,0,2,0,0.4,109,387,0.282,22,0,0.185,0.319,July
2026-07-25,5,4,1,0,1,0,0.8,113,392,0.288,23,0,0.31,0.316,July
2026-07-26,5,1,0,0,2,0,0.2,114,397,0.287,23,0,0.345,0.316,July
2026-07-27,3,0,0,2,2,0,0.0,114,400,0.285,23,0,0.321,0.31,July
2026-07-28,4,0,0,0,3,0,0.0,114,404,0.282,23,0,0.333,0.282,July
2026-07-29,5,1,1,0,0,0,0.2,115,409,0.281,24,0,0.267,0.271,July
2026-07-30,5,2,0,0,2,0,0.4,117,414,0.283,24,0,0.312,0.275,July
2026-07-31,4,0,0,0,1,0,0.0,117,418,0.28,24,0,0.258,0.261,July
2026-08-01,3,1,0,1,1,0,0.333,118,421,0.28,24,0,0.172,0.257,August
2026-08-02,1,0,0,3,0,0,0.0,118,422,0.28,24,0,0.16,0.261,August
2026-08-03,4,1,0,1,1,0,0.25,119,426,0.279,24,0,0.192,0.273,August
2026-08-04,4,2,0,0,2,0,0.5,121,430,0.281,24,0,0.269,0.288,August
2026-08-05,5,3,2,0,1,0,0.6,124,435,0.285,26,0,0.346,0.292,August
2026-08-06,5,2,0,0,2,0,0.4,126,440,0.286,26,0,0.346,0.298,August
2026-08-07,3,1,0,2,1,0,0.333,127,443,0.287,26,0,0.4,0.292,August
2026-08-08,3,0,0,2,2,0,0.0,127,446,0.285,26,0,0.36,0.283,August
2026-08-09,5,1,0,1,2,0,0.2,128,451,0.284,26,0,0.345,0.274,August
2026-08-11,5,1,1,0,1,0,0.2,129,456,0.283,27,0,0.333,0.263,August
2026-08-12,6,1,0,0,3,0,0.167,130,462,0.281,27,0,0.281,0.252,August
2026-08-13,4,0,0,0,3,0,0.0,130,466,0.279,27,0,0.194,0.235,August
2026-08-14,4,0,0,0,0,0,0.0,130,470,0.277,27,0,0.133,0.225,August
2026-08-15,4,0,0,0,0,0,0.0,130,474,0.274,27,0,0.097,0.225,August
2026-08-16,5,1,1,0,3,0,0.2,131,479,0.273,28,0,0.121,0.23,August
2026-08-17,5,4,2,1,1,0,0.8,135,484,0.279,30,0,0.212,0.25,August
2026-08-18,4,1,1,1,1,0,0.25,136,488,0.279,31,0,0.219,0.256,August
2026-08-19,4,0,0,0,1,0,0.0,136,492,0.276,31,0,0.2,0.258,August
2026-08-21,5,1,1,0,0,0,0.2,137,497,0.276,32,0,0.226,0.256,August
2026-08-22,4,1,0,0,0,0,0.25,138,501,0.275,32,0,0.258,0.266,August
2026-08-23,4,2,1,1,1,0,0.5,140,505,0.277,33,0,0.323,0.262,August
2026-08-24,5,0,0,0,0,0,0.0,140,510,0.275,33,0,0.29,0.258,August
2026-08-25,3,0,0,1,0,0,0.0,140,513,0.273,33,0,0.172,0.246,August
2026-08-26,4,1,0,0,3,0,0.25,141,517,0.273,33,0,0.172,0.224,August
2026-08-28,5,2,0,0,1,0,0.4,143,522,0.274,33,0,0.233,0.232,August
2026-08-29,6,4,3,0,0,0,0.667,147,528,0.278,36,0,0.323,0.258,August
2026-08-30,5,2,2,0,1,0,0.4,149,533,0.28,38,0,0.344,0.271,August
2026-08-31,5,1,0,0,1,0,0.2,150,538,0.279,38,0,0.303,0.271,August
