Name,Age,#days,Lev,Tm,G,PA,AB,R,H,2B,3B,HR,RBI,BB,IBB,SO,HBP,SH,SF,GDP,SB,CS,BA,OBP,SLG,OPS,mlbID
CJ Abrams,25,7,Maj-NL,Washington,131,565,498,81,133,26,3,29,92,49,3,136,12,0,6,7,26,5,0.267,0.343,0.506,0.849,682928
Wilyer Abreu,27,6,Maj-AL,Boston,135,590,515,76,131,31,4,23,70,62,3,120,3,1,7,9,8,4,0.254,0.334,0.464,0.798,677800
Luisangel Acu\xc3\xb1a,24,11,Maj-AL,Chicago,89,207,194,21,46,4,0,1,12,8,0,40,1,2,2,5,16,6,0.237,0.268,0.273,0.541,682668
Ronald Acu\xc3\xb1a Jr.,28,6,Maj-NL,Atlanta,85,374,320,47,77,13,1,13,36,47,2,87,5,0,2,2,19,8,0.241,0.345,0.409,0.754,660670
Willy Adames,30,14,Maj-NL,San Francisco,120,501,461,62,107,25,1,21,51,37,0,138,2,0,1,3,5,2,0.232,0.291,0.427,0.719,642715
Jo Adell,27,7,Maj-AL,"Cleveland,Los Angeles",134,554,508,56,122,22,1,20,83,26,1,134,16,0,4,14,4,0,0.24,0.296,0.406,0.702,666176
Ozzie Albies,29,6,Maj-NL,Atlanta,138,588,527,74,134,24,0,20,67,41,1,84,7,0,13,4,3,4,0.254,0.31,0.414,0.723,645277
Kevin Alc\xc3\xa1ntara,23,14,Maj-NL,Chicago,24,28,25,6,6,0,0,1,6,2,0,11,0,0,1,1,0,1,0.24,0.286,0.36,0.646,682634
Blaze Alexander,27,6,Maj-AL,Baltimore,85,259,233,32,71,12,2,4,29,17,1,55,4,2,1,5,9,3,0.305,0.361,0.425,0.786,677942
Eliezer Alfonzo,26,34,Maj-NL,Los Angeles,12,27,27,3,5,2,0,0,4,0,0,2,0,0,0,0,0,0,0.185,0.185,0.259,0.444,672613
Nick Allen,27,6,Maj-AL,Houston,78,147,131,22,36,5,0,2,13,9,0,30,1,3,3,3,2,0,0.275,0.319,0.359,0.678,669397
Pete Alonso,31,6,Maj-AL,Baltimore,138,598,518,84,139,24,0,32,91,67,5,145,9,0,4,12,5,1,0.268,0.36,0.5,0.86,624413
Jose Altuve,36,7,Maj-AL,Houston,111,471,428,61,106,18,2,14,41,38,1,96,2,1,2,16,4,3,0.248,0.311,0.397,0.708,514888
Francisco Alvarez,24,6,Maj-NL,New York,97,355,312,29,73,12,0,13,34,36,1,108,4,0,1,16,0,0,0.234,0.32,0.397,0.718,682626
Yordan Alvarez,29,6,Maj-AL,Houston,136,597,489,91,155,28,1,37,94,94,29,103,9,0,5,5,1,0,0.317,0.432,0.605,1.037,670541
Adael Amador,23,18,Maj-NL,Colorado,5,13,10,5,3,1,0,1,6,3,0,5,0,0,0,0,0,0,0.3,0.462,0.7,1.162,691182
Miguel Amaya,27,6,Maj-NL,Chicago,74,223,190,32,44,9,0,5,23,22,0,58,9,1,0,8,0,0,0.232,0.339,0.358,0.697,665804
Miguel Andujar,31,49,Maj-NL,San Diego,74,254,239,24,62,20,2,5,22,11,2,38,4,0,0,12,2,2,0.259,0.303,0.423,0.726,609280
Roman Anthony,22,6,Maj-AL,Boston,32,139,117,14,29,7,2,1,5,21,1,33,1,0,0,1,2,0,0.248,0.367,0.368,0.734,701350
Sam Antonacci,23,6,Maj-AL,Chicago,117,468,402,69,108,20,3,8,40,38,0,74,24,3,1,2,17,6,0.269,0.366,0.393,0.759,803011
Jonathan Aranda,28,6,Maj-AL,Tampa Bay,134,583,506,64,140,21,0,17,79,61,3,134,9,0,7,14,0,1,0.277,0.36,0.419,0.779,666018
Orlando Arcia,31,84,Maj-AL,Minnesota,19,50,48,6,13,1,0,1,2,2,0,8,0,0,0,3,0,1,0.271,0.3,0.354,0.654,606115
Nolan Arenado,35,6,Maj-NL,Arizona,129,504,450,65,107,21,1,21,65,43,2,103,7,0,3,11,4,0,0.238,0.312,0.429,0.741,571448
Gabriel Arias,26,6,"Maj-AL,Maj-NL","Chicago,Cleveland,New York",48,146,138,14,33,3,0,5,13,8,1,60,0,0,0,1,4,0,0.239,0.281,0.37,0.65,672356
Randy Arozarena,31,6,Maj-AL,Seattle,130,561,482,88,132,27,1,21,62,56,0,120,20,0,3,15,20,8,0.274,0.371,0.465,0.835,668227
Luis Arraez,29,6,Maj-NL,"Philadelphia,San Francisco",129,563,516,63,163,28,7,6,55,26,4,24,4,6,11,13,10,0,0.316,0.346,0.432,0.779,650333
Edwin Arroyo,22,6,Maj-NL,Cincinnati,47,151,140,13,32,3,1,0,5,5,0,37,3,2,1,0,1,1,0.229,0.268,0.264,0.533,695490
Jos\xc3\xa9 Az\xc3\xb3car,30,61,Maj-NL,Atlanta,11,18,17,2,6,2,0,0,0,1,0,4,0,0,0,0,1,0,0.353,0.389,0.471,0.859,640492
Harrison Bader,32,100,Maj-NL,San Francisco,29,108,103,10,18,5,0,5,14,4,0,32,0,0,1,3,0,0,0.175,0.204,0.369,0.573,664056
Jihwan Bae,26,23,Maj-NL,Milwaukee,4,4,2,1,1,0,0,0,0,0,0,1,1,1,0,0,1,0,0.5,0.667,0.5,1.167,678225
Javier B\xc3\xa1ez,33,7,Maj-AL,Detroit,46,165,157,24,40,10,1,2,14,5,0,31,2,0,1,4,1,2,0.255,0.285,0.369,0.654,595879
Joshua B\xc3\xa1ez,23,7,Maj-NL,St. Louis,16,59,54,7,9,2,0,5,10,3,0,22,1,0,1,0,2,1,0.167,0.22,0.481,0.702,695491
Patrick Bailey,27,9,"Maj-AL,Maj-NL","Cleveland,San Francisco",91,283,253,24,51,7,1,7,30,25,0,70,0,2,3,6,3,0,0.202,0.27,0.32,0.591,672275
Luken Baker,29,145,Maj-NL,Arizona,3,5,5,0,1,0,0,0,0,0,0,3,0,0,0,0,0,0,0.2,0.2,0.2,0.4,663609
Drake Baldwin,25,6,Maj-NL,Atlanta,115,509,452,73,126,14,0,22,68,49,2,109,7,0,1,13,3,1,0.279,0.358,0.456,0.813,686948
Mois\xc3\xa9s Ballesteros,22,6,"Maj-AL,Maj-NL","Chicago,Los Angeles",83,273,248,20,51,9,0,6,27,23,0,63,0,0,2,3,1,0,0.206,0.271,0.315,0.586,694208
Will Banfield,26,8,Maj-NL,Cincinnati,3,4,4,0,0,0,0,0,0,0,0,1,0,0,0,0,0,0,0.0,0.0,0.0,0.0,677943
Addison Barger,26,120,Maj-AL,Toronto,9,28,22,2,1,1,0,0,2,5,0,7,0,0,1,1,0,0,0.045,0.214,0.091,0.305,680718
Jorge Barrosa,25,8,Maj-NL,Arizona,96,159,134,28,27,11,1,2,12,14,0,42,2,8,1,1,3,0,0.201,0.285,0.343,0.628,678489
Joey Bart,29,31,"Maj-AL,Maj-NL","Atlanta,Chicago,Pittsburgh",44,128,112,13,24,4,0,4,13,7,0,35,8,0,1,1,0,0,0.214,0.305,0.357,0.662,663698
Osleivis Basabe,25,6,Maj-NL,San Francisco,28,98,92,9,19,2,0,4,9,2,0,17,3,0,1,0,2,2,0.207,0.245,0.359,0.604,678545
Samuel Basallo,21,6,Maj-AL,Baltimore,96,348,316,36,73,10,1,17,49,28,2,94,2,0,2,7,0,0,0.231,0.296,0.43,0.726,694212
Brett Bateman,24,7,Maj-AL,Toronto,19,88,78,10,26,4,1,0,7,7,0,19,0,2,1,0,3,0,0.333,0.384,0.41,0.794,703520
Brett Baty,26,7,Maj-NL,New York,122,413,369,45,82,17,1,8,40,36,0,115,3,0,4,5,5,1,0.222,0.294,0.339,0.632,683146
Jake Bauers,30,6,Maj-NL,Milwaukee,123,493,412,78,113,19,2,23,76,75,4,127,4,0,2,5,10,4,0.274,0.389,0.498,0.887,641343
Travis Bazzana,23,7,Maj-AL,Cleveland,101,432,374,42,89,17,2,9,42,48,1,93,5,0,5,2,18,5,0.238,0.329,0.366,0.695,683953
Dylan Beavers,24,6,Maj-AL,Baltimore,82,273,241,32,60,16,0,6,32,28,1,70,2,1,1,2,5,5,0.249,0.331,0.39,0.721,687637
Jordan Beck,25,6,Maj-NL,Colorado,47,142,131,13,27,7,2,1,11,10,0,41,0,0,1,5,2,1,0.206,0.261,0.313,0.574,687597
Josh Bell,33,6,Maj-AL,Minnesota,132,538,487,68,123,27,1,17,83,42,0,108,4,0,4,14,2,0,0.253,0.315,0.417,0.732,605137
Cody Bellinger,30,6,Maj-AL,New York,110,466,404,56,105,22,3,12,59,56,0,72,0,0,6,3,10,6,0.26,0.345,0.418,0.764,641355
Carson Benge,23,6,Maj-NL,New York,132,545,499,69,138,18,3,16,54,39,1,119,6,0,1,7,19,4,0.277,0.336,0.421,0.757,701807
Andrew Benintendi,31,6,Maj-AL,Chicago,120,408,368,51,91,21,2,14,69,33,1,96,1,1,5,6,1,0,0.247,0.307,0.429,0.736,643217
Will Benson,28,84,Maj-NL,Cincinnati,51,114,96,11,18,3,1,3,6,16,1,38,1,0,0,0,1,1,0.188,0.31,0.333,0.643,666181
Victor Bericoto,24,14,Maj-NL,San Francisco,33,87,86,7,21,3,0,4,12,1,0,24,0,0,0,3,1,2,0.244,0.253,0.419,0.671,682674
Steward Berroa,27,88,Maj-NL,Philadelphia,6,7,7,0,1,0,0,0,1,0,0,4,0,0,0,0,0,0,0.143,0.143,0.143,0.286,672642
Mookie Betts,33,7,Maj-NL,Los Angeles,100,423,389,51,93,16,0,16,47,31,3,47,2,0,1,14,1,2,0.239,0.298,0.404,0.701,605141
Bo Bichette,28,6,Maj-NL,New York,136,584,537,65,141,23,2,14,66,38,0,106,2,0,7,15,1,1,0.263,0.31,0.391,0.701,666182
Tyler Black,25,120,Maj-NL,Milwaukee,9,28,27,2,9,4,0,0,7,1,0,7,0,0,0,1,0,0,0.333,0.357,0.481,0.839,672012
JJ Bleday,28,6,Maj-NL,Cincinnati,110,459,388,51,84,14,2,21,52,64,1,98,3,0,3,5,6,5,0.216,0.33,0.425,0.755,668709
Ryan Bliss,26,89,Maj-AL,Seattle,3,10,8,0,1,0,0,0,1,1,0,3,0,0,1,0,0,0,0.125,0.2,0.125,0.325,669208
Xander Bogaerts,33,6,Maj-NL,San Diego,131,519,447,52,97,14,0,11,51,63,1,93,4,0,5,9,18,1,0.217,0.316,0.322,0.638,593428
Alec Bohm,29,6,Maj-NL,Philadelphia,132,538,488,52,119,22,1,14,76,36,1,75,9,0,5,19,2,0,0.244,0.305,0.379,0.684,664761
Henry Bolte,22,6,Maj-AL,Athletics,95,364,323,39,87,12,1,6,26,25,0,100,12,1,2,5,14,8,0.269,0.343,0.368,0.711,703607
Jase Bowen,25,7,Maj-NL,San Diego,62,84,80,14,13,2,0,2,7,2,0,31,2,0,0,0,6,1,0.163,0.202,0.263,0.465,687749
Jack Brannigan,25,24,Maj-NL,Pittsburgh,2,1,1,0,0,0,0,0,0,0,0,1,0,0,0,0,0,0,0.0,0.0,0.0,0.0,687394
Alex Bregman,32,6,Maj-NL,Chicago,135,620,539,80,139,27,1,23,77,66,2,96,9,0,6,16,3,1,0.258,0.345,0.44,0.785,608324
Will Brennan,28,102,Maj-NL,San Francisco,11,23,23,0,2,0,0,0,0,0,0,3,0,0,0,1,0,0,0.087,0.087,0.087,0.174,686823
Jonah Bride,30,27,Maj-AL,Texas,2,6,5,0,1,0,0,0,0,1,0,2,0,0,0,0,0,0,0.2,0.333,0.2,0.533,681146
Juan Brito,24,133,Maj-AL,Cleveland,15,56,51,7,9,4,0,0,3,4,0,17,1,0,0,1,0,0,0.176,0.25,0.255,0.505,682877
Vidal Bruj\xc3\xa1n,28,83,Maj-NL,New York,9,13,11,4,1,0,0,0,1,1,0,1,0,1,0,0,0,1,0.091,0.167,0.091,0.258,660644
Jake Burger,30,6,Maj-AL,Texas,131,521,475,55,113,21,0,23,78,40,0,138,4,0,2,6,3,1,0.238,0.301,0.427,0.729,669394
Alec Burleson,27,7,Maj-NL,St. Louis,137,578,521,78,150,33,1,21,100,48,4,96,6,0,3,11,4,0,0.288,0.353,0.476,0.829,676475
Michael Busch,28,6,Maj-NL,Chicago,136,613,519,62,124,24,2,17,68,78,1,141,12,0,4,9,2,1,0.239,0.349,0.391,0.74,683737
Lawrence Butler,25,6,Maj-AL,Athletics,129,435,378,53,87,16,1,12,45,54,1,112,1,1,1,5,10,4,0.23,0.327,0.373,0.7,671732
Byron Buxton,32,12,Maj-AL,Minnesota,93,408,370,65,94,18,1,25,46,30,2,100,6,0,2,4,7,1,0.254,0.319,0.511,0.829,621439
Jos\xc3\xa9 Caballero,29,6,Maj-AL,New York,116,401,364,42,87,12,0,13,46,23,0,96,7,3,4,8,31,9,0.239,0.294,0.379,0.673,676609
Oswaldo Cabrera,27,67,Maj-AL,New York,3,11,9,0,0,0,0,0,0,0,0,4,0,2,0,0,0,0,0.0,0.0,0.0,0.0,665828
Jac Caglianone,23,7,Maj-AL,Kansas City,126,492,457,64,130,25,2,23,66,29,2,128,5,0,1,5,6,2,0.284,0.333,0.499,0.832,695506
Owen Caissie,23,8,Maj-NL,Miami,99,304,270,39,60,14,0,13,52,23,0,114,4,0,7,3,5,1,0.222,0.286,0.419,0.705,683357
Alex Call,31,9,Maj-NL,Los Angeles,72,163,137,21,35,7,0,1,18,19,0,29,5,0,2,2,1,1,0.255,0.362,0.328,0.69,669743
Brett Callahan,24,6,Maj-AL,Detroit,12,34,30,2,8,1,1,1,6,2,0,9,1,0,1,0,0,0,0.267,0.324,0.467,0.79,814430
Tyler Callihan,26,40,Maj-NL,Pittsburgh,37,107,95,13,20,4,2,3,15,9,0,38,1,1,1,0,1,0,0.211,0.283,0.389,0.672,682997
Jair Camargo,26,81,Maj-NL,Atlanta,1,2,2,1,1,1,0,0,0,0,0,1,0,0,0,0,0,0,0.5,0.5,1.0,1.5,665856
Daz Cameron,29,8,Maj-AL,Toronto,8,25,24,3,5,1,0,1,3,0,0,7,0,0,1,0,0,0,0.208,0.2,0.375,0.575,663662
Junior Caminero,22,6,Maj-AL,Tampa Bay,137,597,522,85,147,20,1,37,87,70,11,109,3,0,2,23,3,3,0.282,0.369,0.536,0.905,691406
Gustavo Campero,28,12,Maj-AL,Los Angeles,4,12,11,0,4,1,0,0,2,0,0,4,0,0,1,0,0,0,0.364,0.333,0.455,0.788,672569
Luis Campusano,27,6,Maj-NL,San Diego,53,176,150,18,43,11,0,5,23,24,0,39,2,0,0,4,0,0,0.287,0.392,0.46,0.852,669134
Jeimer Candelario,32,151,Maj-AL,Los Angeles,7,20,18,3,2,2,0,0,0,1,0,8,1,0,0,1,0,0,0.111,0.2,0.222,0.422,600869
Dominic Canzone,28,6,Maj-AL,Seattle,122,424,380,47,97,22,2,20,61,37,2,93,5,0,2,8,2,1,0.255,0.328,0.482,0.809,686527
Victor Caratini,32,8,Maj-AL,Minnesota,94,344,293,27,65,9,0,7,39,33,1,68,10,0,8,7,0,0,0.222,0.314,0.324,0.638,605170
Dylan Carlson,27,153,Maj-NL,Chicago,3,4,4,1,0,0,0,0,0,0,0,2,0,0,0,0,0,0,0.0,0.0,0.0,0.0,666185
Kerry Carpenter,28,42,Maj-AL,Detroit,81,259,231,27,48,5,2,13,36,18,0,75,5,0,3,2,0,0,0.208,0.276,0.416,0.692,681481
Cole Carrigg,24,6,Maj-NL,Colorado,69,271,235,38,61,18,3,6,36,27,2,60,4,1,4,3,8,3,0.26,0.341,0.438,0.779,694249
Corbin Carroll,25,6,Maj-NL,Arizona,135,586,504,83,123,28,16,19,61,69,3,127,8,0,5,7,20,3,0.244,0.341,0.476,0.817,682998
Evan Carter,23,6,Maj-AL,Texas,118,389,334,43,64,13,2,8,33,43,0,94,4,7,1,1,14,2,0.192,0.291,0.314,0.605,694497
Nick Castellanos,34,98,Maj-NL,San Diego,39,122,115,9,22,5,0,4,20,5,1,34,0,0,2,1,2,0,0.191,0.221,0.339,0.56,592206
Willi Castro,29,6,Maj-NL,Colorado,120,477,427,65,111,20,1,15,56,41,0,129,6,0,3,4,10,6,0.26,0.331,0.417,0.748,650489
Cam Cauley,23,24,Maj-AL,Texas,28,65,58,9,12,3,1,1,1,5,0,15,1,1,0,2,0,0,0.207,0.281,0.345,0.626,695508
Drew Cavanaugh,24,8,Maj-NL,San Francisco,41,119,102,5,23,1,0,0,7,15,0,32,0,2,0,3,1,0,0.225,0.325,0.235,0.56,701852
Andr\xc3\xa9s Chaparro,27,6,Maj-NL,Washington,65,171,146,30,36,11,0,9,33,20,0,38,5,0,0,4,0,0,0.247,0.357,0.507,0.864,665953
Matt Chapman,33,68,Maj-NL,San Francisco,83,348,304,35,72,18,1,7,42,36,1,81,5,0,3,6,0,2,0.237,0.325,0.372,0.696,656305
Tsung-Che Cheng,24,46,Maj-AL,Boston,14,44,39,7,10,1,0,0,5,4,0,14,0,0,1,1,0,2,0.256,0.318,0.282,0.6,691907
Jazz Chisholm Jr.,28,6,Maj-AL,New York,128,496,440,64,100,16,3,18,54,52,3,149,0,0,4,5,39,8,0.227,0.306,0.4,0.706,665862
Jackson Chourio,22,6,Maj-NL,Milwaukee,103,465,424,71,119,23,0,20,57,38,5,111,2,0,1,6,14,3,0.281,0.342,0.476,0.818,694192
Nathan Church,25,7,Maj-NL,St. Louis,118,383,352,43,84,11,2,10,46,21,0,70,3,1,6,5,9,4,0.239,0.283,0.366,0.649,701675
Max Clark,21,6,Maj-AL,Detroit,28,108,98,11,23,4,3,2,13,7,0,23,1,2,0,1,1,0,0.235,0.292,0.398,0.69,703601
Denzel Clarke,26,139,Maj-AL,Athletics,22,60,53,4,9,1,0,0,6,4,0,24,0,3,0,1,2,0,0.17,0.228,0.189,0.417,672016
Jonatan Clase,24,49,Maj-AL,Toronto,9,25,22,4,6,0,0,2,6,3,0,8,0,0,0,0,0,0,0.273,0.36,0.545,0.905,682729
Kody Clemens,30,6,Maj-AL,Minnesota,121,488,446,62,106,21,6,23,69,31,1,111,6,2,3,8,8,2,0.238,0.294,0.466,0.761,665019
Ernie Clement,30,7,Maj-AL,Toronto,134,535,510,54,141,29,1,9,43,18,0,53,2,0,5,11,5,1,0.276,0.301,0.39,0.691,676391
Zach Cole,25,95,Maj-AL,Houston,19,53,51,4,8,1,0,3,8,1,0,21,1,0,0,0,0,0,0.157,0.189,0.353,0.542,805904
Isaac Collins,28,7,Maj-AL,Kansas City,124,451,388,41,90,23,3,6,40,52,0,101,6,2,3,6,6,5,0.232,0.33,0.353,0.683,686555
Michael Conforto,33,6,Maj-NL,Chicago,93,246,213,29,50,13,0,13,37,28,2,70,2,0,3,4,1,0,0.235,0.325,0.479,0.804,624424
Griffin Conine,28,6,Maj-NL,Miami,70,231,199,31,50,6,0,14,31,28,0,71,4,0,0,1,4,0,0.251,0.355,0.492,0.847,665052
William Contreras,28,6,Maj-NL,Milwaukee,127,549,486,67,132,22,1,13,70,52,4,75,4,0,7,13,1,2,0.272,0.342,0.401,0.744,661388
Willson Contreras,34,7,Maj-AL,Boston,125,517,434,66,119,21,3,26,79,57,2,131,22,1,3,9,3,3,0.274,0.384,0.516,0.9,575929
Billy Cook,27,7,Maj-NL,Pittsburgh,74,51,50,11,9,1,1,0,2,1,0,20,0,0,0,0,5,1,0.18,0.196,0.24,0.436,695257
Carlos Correa,31,125,Maj-AL,Houston,32,141,122,22,34,8,0,3,16,18,1,26,0,0,1,5,1,0,0.279,0.369,0.418,0.787,621043
Carlos Cortes,29,6,Maj-AL,Athletics,105,326,291,26,75,15,1,8,38,28,0,53,4,0,3,14,2,0,0.258,0.328,0.399,0.727,666126
Colton Cowser,26,6,Maj-AL,Baltimore,122,333,289,38,64,6,0,13,37,39,0,99,1,1,3,2,8,4,0.221,0.313,0.377,0.69,681297
Jonah Cox,24,6,Maj-NL,San Francisco,38,69,63,12,18,1,2,4,9,3,0,31,0,3,0,0,8,1,0.286,0.318,0.556,0.874,813841
J.P. Crawford,31,6,Maj-AL,Seattle,93,385,325,40,68,11,0,10,30,52,0,82,6,0,2,5,1,3,0.209,0.327,0.335,0.663,641487
Justin Crawford,22,6,Maj-NL,Philadelphia,128,404,368,43,98,17,4,2,34,25,0,70,3,5,3,3,16,4,0.266,0.316,0.351,0.666,702222
Dylan Crews,24,7,Maj-NL,Washington,87,353,322,44,71,14,1,10,34,24,0,86,7,0,0,4,8,0,0.22,0.289,0.363,0.652,686611
Jake Cronenworth,32,6,Maj-NL,San Diego,86,336,298,35,65,11,0,4,26,31,0,79,5,2,0,3,7,1,0.218,0.302,0.295,0.598,630105
Jimmy Crooks,24,8,Maj-NL,St. Louis,52,149,134,10,24,6,0,5,14,9,0,48,5,0,1,2,0,0,0.179,0.255,0.336,0.591,699625
Pete Crow-Armstrong,24,6,Maj-NL,Chicago,138,618,532,100,150,27,7,38,91,71,6,161,11,1,3,2,32,7,0.282,0.376,0.573,0.949,691718
Oneil Cruz,27,7,Maj-NL,Pittsburgh,75,328,289,52,76,11,1,17,52,36,3,114,3,0,0,3,24,4,0.263,0.351,0.484,0.835,665833
Trei Cruz,27,77,Maj-AL,Detroit,2,5,5,0,0,0,0,0,0,0,0,3,0,0,0,0,0,0,0.0,0.0,0.0,0.0,669360
Kaelen Culpepper,23,6,Maj-AL,Minnesota,20,78,70,10,22,3,0,3,6,5,0,17,2,0,1,1,0,0,0.314,0.372,0.486,0.858,701785
Travis d\'Arnaud,37,8,Maj-AL,Los Angeles,26,66,58,5,10,1,0,1,3,6,0,18,2,0,0,1,0,0,0.172,0.273,0.241,0.514,518595
Henry Davis,26,9,Maj-NL,Pittsburgh,86,264,229,28,38,5,0,8,32,23,0,57,8,2,2,6,2,1,0.166,0.263,0.293,0.556,680779
Bryan De La Cruz,29,7,Maj-NL,Philadelphia,22,51,45,6,15,2,0,2,11,2,0,11,2,0,2,1,0,0,0.333,0.373,0.511,0.884,650559
Elly De La Cruz,24,6,Maj-NL,Cincinnati,119,533,470,81,127,24,5,21,60,58,0,145,2,0,3,6,24,8,0.27,0.351,0.477,0.827,682829
Deyvison De Los Santos,23,14,Maj-NL,Miami,4,9,9,0,3,1,0,0,0,0,0,3,0,0,0,0,0,0,0.333,0.333,0.444,0.778,691277
Justin Dean,29,35,Maj-NL,Chicago,17,10,8,3,3,0,1,0,3,2,0,4,0,0,0,0,1,0,0.375,0.5,0.625,1.125,681909
Adrian Del Castillo,26,34,Maj-NL,Arizona,59,192,176,18,35,6,0,5,24,13,0,54,0,2,1,5,1,0,0.199,0.253,0.318,0.571,680728
Chase DeLauter,24,7,Maj-AL,Cleveland,115,480,427,55,125,24,3,13,60,50,0,71,0,0,3,8,9,2,0.293,0.365,0.454,0.819,800050
Ray Delgado,26,16,Maj-AL,Houston,19,41,37,4,9,1,0,1,4,3,0,7,0,1,0,0,0,0,0.243,0.3,0.351,0.651,669384
Jonny DeLuca,27,6,Maj-AL,Tampa Bay,90,296,281,36,75,20,0,9,42,13,0,61,0,2,0,8,14,6,0.267,0.299,0.434,0.733,676356
Rafael Devers,29,6,Maj-NL,San Francisco,137,583,516,79,130,32,1,30,79,61,5,150,2,0,4,12,0,0,0.252,0.331,0.492,0.823,646240
Zach Dezenzo,26,34,Maj-AL,Houston,35,82,75,11,16,4,0,1,3,7,0,31,0,0,0,1,1,0,0.213,0.28,0.307,0.587,701305
Elias D\xc3\xadaz,35,6,Maj-AL,"Kansas City,Texas",71,189,176,16,40,11,0,6,24,7,1,43,2,2,2,2,0,0,0.227,0.262,0.392,0.654,553869
Yainer Diaz,27,7,Maj-AL,Houston,75,274,260,30,68,11,0,10,33,10,0,43,2,0,2,7,0,2,0.262,0.292,0.419,0.711,673237
Yandy D\xc3\xadaz,34,6,Maj-AL,Tampa Bay,132,587,523,78,157,22,1,20,75,49,5,85,10,0,5,14,3,1,0.3,0.368,0.461,0.829,650490
Dillon Dingler,27,6,Maj-AL,Detroit,127,535,483,65,120,24,2,26,82,32,0,121,15,0,3,12,0,0,0.248,0.313,0.468,0.781,693307
Jasson Dom\xc3\xadnguez,23,34,Maj-AL,New York,53,212,200,21,46,12,0,6,14,9,0,46,2,0,0,1,7,1,0.23,0.27,0.38,0.65,691176
Brendan Donovan,29,16,Maj-AL,Seattle,39,159,137,12,38,7,1,3,15,15,0,23,6,0,1,5,1,1,0.277,0.371,0.409,0.78,680977
Brenton Doyle,28,6,"Maj-AL,Maj-NL","Chicago,Colorado",69,182,169,26,36,6,0,3,12,12,0,58,0,1,0,1,12,3,0.213,0.265,0.302,0.567,686668
Mauricio Dub\xc3\xb3n,31,6,Maj-NL,Atlanta,131,528,489,58,131,24,2,10,64,31,0,63,2,1,2,7,7,2,0.268,0.313,0.387,0.699,643289
Blake Dunn,27,72,Maj-NL,Cincinnati,38,155,142,20,40,7,1,2,7,10,0,33,2,0,1,2,5,3,0.282,0.335,0.387,0.723,694362
Oliver Dunn,28,92,Maj-AL,Tampa Bay,9,12,11,4,1,0,0,0,1,1,0,3,0,0,0,0,0,0,0.091,0.167,0.091,0.258,686554
Ezequiel Duran,27,6,Maj-AL,Texas,129,499,451,61,123,26,4,15,73,38,0,119,4,1,5,5,10,3,0.273,0.331,0.448,0.779,677649
Jarren Duran,29,6,Maj-AL,Boston,129,537,488,61,101,14,4,19,68,35,3,148,5,2,7,4,18,4,0.207,0.264,0.369,0.632,680776
Rodolfo Dur\xc3\xa1n,28,38,Maj-NL,San Diego,38,91,82,8,12,4,0,3,8,7,0,24,1,1,0,3,0,0,0.146,0.222,0.305,0.527,660710
Caleb Durbin,26,6,Maj-AL,Boston,131,499,439,66,111,22,1,12,62,40,1,68,10,6,4,7,16,5,0.253,0.327,0.39,0.716,702332
Nate Eaton,29,56,Maj-AL,Boston,14,39,32,3,4,2,0,1,5,5,0,12,2,0,0,0,2,0,0.125,0.282,0.281,0.563,681987
Tommy Edman,31,7,Maj-NL,Los Angeles,60,231,204,30,53,9,2,5,27,15,0,48,10,2,0,4,5,2,0.26,0.341,0.397,0.738,669242
Xavier Edwards,26,7,Maj-NL,Miami,137,574,500,59,141,17,6,6,51,65,4,77,0,3,6,13,20,5,0.282,0.361,0.376,0.737,669364
Bryce Eldridge,21,6,Maj-NL,San Francisco,92,379,331,43,87,17,0,15,43,47,1,100,0,0,1,0,1,0,0.263,0.354,0.45,0.804,805811
Colt Emerson,20,24,Maj-AL,Seattle,69,241,221,24,42,6,1,8,23,15,0,83,2,1,2,3,3,1,0.19,0.246,0.335,0.581,806068
Jerar Encarnacion,28,126,Maj-NL,San Francisco,17,35,34,1,6,1,0,0,0,1,0,8,0,0,0,1,0,0,0.176,0.2,0.206,0.406,666464
Christian Encarnacion-Strand,26,6,Maj-AL,Baltimore,36,132,122,13,32,7,0,7,28,7,1,36,1,1,1,3,1,0,0.262,0.305,0.492,0.797,687952
J.C. Escarra,31,78,Maj-AL,New York,32,92,85,8,16,5,1,0,7,6,0,18,0,0,1,1,0,0,0.188,0.239,0.271,0.51,641555
Santiago Espinal,31,85,Maj-NL,Los Angeles,36,60,56,5,15,3,0,1,7,1,0,8,0,2,1,5,0,0,0.268,0.276,0.375,0.651,669289
A.J. Ewing,21,6,Maj-NL,New York,97,400,355,42,85,17,1,7,28,36,0,105,2,4,3,2,22,7,0.239,0.311,0.352,0.663,805999
Stuart Fairchild,30,35,Maj-AL,"Cleveland,Seattle",15,27,19,4,3,0,0,0,1,7,0,14,1,0,0,0,2,0,0.158,0.407,0.158,0.565,656413
Kyle Farmer,35,51,Maj-NL,Atlanta,12,16,15,2,4,1,0,0,3,0,0,4,0,0,1,0,0,0,0.267,0.25,0.333,0.583,571657
Kyler Fedko,26,60,Maj-AL,Minnesota,14,19,16,1,0,0,0,0,1,2,0,8,0,0,1,0,0,1,0.0,0.105,0.0,0.105,693459
Hunter Feduccia,29,8,"Maj-AL,Maj-NL","Los Angeles,Tampa Bay",80,209,183,20,44,9,1,3,16,20,0,51,1,4,1,2,0,0,0.24,0.317,0.35,0.667,676439
Freddy Fermin,31,7,Maj-NL,San Diego,84,237,209,21,41,11,0,4,17,18,0,48,3,4,2,3,1,1,0.196,0.267,0.306,0.573,666023
Jos\xc3\xa9 Ferm\xc3\xadn,27,7,Maj-NL,St. Louis,99,308,275,24,66,14,0,6,34,26,0,41,1,2,2,9,7,0,0.24,0.306,0.356,0.662,665877
Jose Fernandez,22,8,Maj-NL,Arizona,65,207,191,26,50,9,0,3,16,11,0,45,1,4,0,3,9,2,0.262,0.305,0.356,0.661,699912
Rafael Flores,25,7,Maj-NL,Pittsburgh,28,91,81,11,18,3,0,7,17,10,1,29,0,0,0,1,0,0,0.222,0.308,0.519,0.826,804668
Harry Ford,23,7,Maj-NL,Washington,24,80,69,10,13,5,0,3,8,10,0,20,1,0,0,2,1,0,0.188,0.3,0.391,0.691,695670
Nick Fortes,29,7,Maj-AL,Tampa Bay,94,284,262,28,68,14,0,4,29,9,0,35,8,4,1,6,0,0,0.26,0.304,0.359,0.662,663743
Justin Foscue,27,6,Maj-AL,Texas,79,199,180,21,47,10,1,10,26,15,0,49,3,0,1,3,0,0,0.261,0.327,0.494,0.821,679822
Jake Fraley,31,114,Maj-AL,Tampa Bay,28,90,82,6,19,7,0,2,5,8,0,25,0,0,0,1,3,0,0.232,0.3,0.39,0.69,641584
Ty France,31,6,Maj-NL,San Diego,112,410,360,48,105,17,2,19,60,30,1,89,12,0,7,8,1,1,0.292,0.359,0.508,0.868,664034
Christian Franklin,26,7,Maj-AL,Baltimore,16,42,34,3,5,2,0,0,0,6,0,12,2,0,0,0,2,0,0.147,0.31,0.206,0.515,681047
Adam Frazier,34,8,Maj-AL,Los Angeles,55,124,108,18,27,7,1,1,10,10,1,33,3,3,0,1,2,2,0.25,0.331,0.361,0.692,624428
Alex Freeland,24,42,Maj-NL,Los Angeles,72,223,195,24,45,7,0,3,19,22,0,68,1,3,2,5,2,0,0.231,0.309,0.313,0.622,690976
Cody Freeman,25,6,Maj-AL,Texas,22,69,60,7,18,1,1,1,6,6,0,10,1,2,0,0,1,1,0.3,0.373,0.4,0.773,683227
Freddie Freeman,36,7,Maj-NL,Los Angeles,133,572,503,68,153,32,1,15,63,60,3,93,3,0,6,18,6,0,0.304,0.378,0.461,0.839,518692
Tyler Freeman,27,29,Maj-NL,Colorado,79,288,255,29,63,6,1,3,23,11,0,34,15,7,0,15,6,4,0.247,0.317,0.314,0.63,671289
Sal Frelick,26,6,Maj-NL,Milwaukee,95,334,294,35,70,16,0,4,36,28,1,36,2,1,3,4,6,2,0.238,0.306,0.333,0.639,686217
TJ Friedl,30,6,Maj-NL,Cincinnati,80,261,230,20,38,6,1,4,12,20,0,60,5,5,1,3,5,0,0.165,0.246,0.252,0.498,670770
David Fry,30,7,Maj-AL,Cleveland,74,172,146,16,27,5,0,6,13,26,1,52,0,0,0,4,0,0,0.185,0.308,0.342,0.651,681807
Braxton Fulford,27,13,Maj-NL,Colorado,43,79,69,12,12,4,0,1,7,7,0,31,1,0,2,0,4,0,0.174,0.253,0.275,0.529,690924
Nate Furman,24,6,Maj-NL,San Francisco,12,23,19,1,3,0,0,0,0,3,0,6,0,1,0,0,0,0,0.158,0.273,0.158,0.431,801501
Adolis Garc\xc3\xada,33,88,Maj-NL,Philadelphia,67,259,231,21,45,8,1,7,21,21,0,84,4,0,3,2,3,0,0.195,0.27,0.329,0.599,666969
Aramis Garcia,33,87,Maj-NL,Arizona,8,19,19,2,3,0,0,1,2,0,0,6,0,0,0,0,0,0,0.158,0.158,0.316,0.474,605244
Jhostynxon Garcia,23,24,Maj-NL,Pittsburgh,20,50,48,2,8,1,0,0,2,1,0,16,1,0,0,1,0,0,0.167,0.2,0.188,0.388,691373
Luis Garc\xc3\xada Jr.,26,6,"Maj-AL,Maj-NL","New York,Washington",128,471,446,61,127,24,5,28,88,23,0,79,0,0,2,8,5,2,0.285,0.318,0.549,0.868,671277
Maikel Garcia,26,17,Maj-AL,Kansas City,73,309,283,34,76,18,3,3,32,24,0,47,0,0,2,9,5,4,0.269,0.324,0.385,0.709,672580
Mitch Garver,35,36,Maj-AL,Seattle,50,149,126,17,22,3,0,4,15,22,0,49,1,0,0,2,1,0,0.175,0.302,0.294,0.596,641598
Mickey Gasper,30,6,Maj-AL,Boston,46,161,137,18,38,8,1,6,20,19,0,23,3,1,1,3,0,1,0.277,0.375,0.482,0.857,681508
Zack Gelof,26,6,Maj-AL,Athletics,87,333,301,54,76,13,1,14,38,24,0,84,5,3,0,7,10,2,0.252,0.318,0.442,0.76,680869
Angel Genao,22,7,Maj-AL,Cleveland,21,81,74,9,19,3,0,1,3,6,0,9,1,0,0,0,1,0,0.257,0.321,0.338,0.659,694197
Drew Gilbert,25,6,Maj-NL,San Francisco,113,342,296,43,70,13,3,8,36,33,2,61,8,2,3,8,1,4,0.236,0.326,0.382,0.708,687551
Andr\xc3\xa9s Gim\xc3\xa9nez,27,7,Maj-AL,Toronto,128,436,402,34,97,20,1,8,52,14,2,83,13,2,5,7,19,3,0.241,0.286,0.356,0.641,665926
Paul Goldschmidt,38,7,Maj-AL,New York,93,348,318,40,79,11,1,18,48,26,2,83,3,0,1,6,1,0,0.248,0.31,0.459,0.769,502671
Nick Gonzales,27,8,Maj-NL,Pittsburgh,128,530,482,66,148,23,1,6,57,37,0,89,10,0,1,12,7,3,0.307,0.368,0.396,0.764,693304
Gabriel Gonzalez,22,6,Maj-AL,Minnesota,2,5,2,1,1,0,0,0,0,2,0,0,1,0,0,0,0,0,0.5,0.8,0.5,1.3,694224
Jacob Gonzalez,24,8,"Maj-AL,Maj-NL","Chicago,Pittsburgh",66,193,179,19,38,7,0,6,29,9,0,37,3,1,1,5,2,1,0.212,0.26,0.352,0.612,694378
Romy Gonzalez,29,39,Maj-AL,Boston,19,73,65,7,12,3,1,1,7,5,0,21,2,1,0,3,1,1,0.185,0.264,0.308,0.572,663853
Hunter Goodman,26,6,Maj-NL,Colorado,118,488,440,74,112,17,1,36,73,41,3,158,4,0,3,7,5,4,0.255,0.322,0.543,0.865,696100
Nolan Gorman,26,7,Maj-NL,St. Louis,68,248,219,21,41,5,0,8,27,26,2,80,0,0,3,1,0,1,0.187,0.27,0.32,0.59,669357
Tristan Gray,30,31,Maj-AL,Minnesota,66,188,173,16,39,5,0,4,29,10,0,60,1,1,3,2,2,0,0.225,0.267,0.324,0.591,656484
Riley Greene,25,26,Maj-AL,Detroit,117,492,422,65,115,25,1,16,54,61,4,133,4,0,5,11,3,1,0.273,0.366,0.45,0.816,682985
Randal Grichuk,34,6,Maj-AL,"Chicago,New York",95,211,202,32,55,20,1,11,32,7,1,49,1,0,1,3,0,0,0.272,0.299,0.545,0.843,545341
Konnor Griffin,20,63,Maj-NL,Pittsburgh,59,247,225,35,62,10,2,5,25,16,0,65,4,0,2,3,20,1,0.276,0.332,0.404,0.736,804606
Trent Grisham,29,6,Maj-AL,New York,117,471,406,67,85,19,1,18,55,60,0,86,0,0,4,8,9,2,0.209,0.309,0.394,0.703,663757
Vaughn Grissom,25,6,Maj-AL,Los Angeles,95,372,334,39,83,20,0,9,58,23,0,66,9,1,4,15,1,0,0.249,0.311,0.389,0.7,687093
LuJames Groover,24,65,Maj-NL,Arizona,15,54,48,4,8,2,0,1,4,5,0,11,1,0,0,3,0,0,0.167,0.259,0.271,0.53,694410
Vladimir Guerrero Jr.,27,7,Maj-AL,Toronto,123,520,462,63,119,21,0,7,48,49,5,66,4,0,5,17,7,3,0.258,0.331,0.348,0.679,665489
Lourdes Gurriel Jr.,32,51,Maj-NL,Arizona,47,189,174,12,36,8,0,2,21,10,0,34,2,0,3,1,1,0,0.207,0.254,0.287,0.541,666971
Denzer Guzman,22,6,Maj-AL,Los Angeles,66,227,211,22,46,8,0,6,24,12,0,59,1,2,0,2,2,1,0.218,0.263,0.341,0.605,694203
Eric Haase,33,58,Maj-NL,San Francisco,29,84,74,8,12,3,0,4,9,6,0,28,1,3,0,1,0,0,0.162,0.235,0.365,0.599,606992
Sam Haggerty,32,99,Maj-AL,Texas,34,47,44,3,7,1,0,0,1,2,0,16,1,0,0,1,2,0,0.159,0.213,0.182,0.395,664059
Petey Halpin,24,7,Maj-AL,Cleveland,64,159,146,21,32,4,1,3,9,6,0,31,2,4,1,1,9,1,0.219,0.258,0.322,0.58,690984
David Hamilton,28,6,Maj-NL,Milwaukee,104,339,295,43,71,11,2,4,24,30,0,72,1,12,0,1,24,6,0.241,0.313,0.332,0.645,666152
Maverick Handley,28,113,Maj-AL,Baltimore,1,1,1,0,0,0,0,0,0,0,0,1,0,0,0,0,0,0,0.0,0.0,0.0,0.0,668974
Ian Happ,31,7,Maj-NL,Chicago,133,558,480,80,106,24,2,23,61,69,3,170,7,1,1,11,4,1,0.221,0.327,0.423,0.75,664023
Bryce Harper,33,6,Maj-NL,Philadelphia,138,590,485,84,130,28,3,27,79,97,3,122,1,0,7,17,7,6,0.268,0.386,0.505,0.892,547180
Brett Harris,28,59,Maj-AL,"Athletics,Boston",6,9,6,0,0,0,0,0,0,1,0,2,2,0,0,1,0,0,0.0,0.333,0.0,0.333,695391
Dustin Harris,26,6,"Maj-AL,Maj-NL","Chicago,Houston,San Diego",23,70,60,9,18,2,1,0,6,6,0,9,1,2,1,0,5,1,0.3,0.368,0.367,0.734,687957
Michael Harris II,25,6,Maj-NL,Atlanta,132,528,502,65,149,32,1,23,78,19,0,105,2,2,3,3,10,3,0.297,0.323,0.502,0.825,671739
Ke\'Bryan Hayes,29,11,Maj-NL,Cincinnati,78,211,196,19,30,2,1,5,8,13,0,40,2,0,0,6,1,0,0.153,0.213,0.25,0.463,663647
Austin Hays,30,9,"Maj-AL,Maj-NL","Chicago,San Diego",23,74,71,9,16,1,0,2,10,3,1,20,0,0,0,3,0,1,0.225,0.257,0.324,0.581,669720
Austin Hedges,33,7,Maj-AL,Cleveland,67,209,184,20,47,7,0,5,21,18,0,37,1,4,2,5,1,1,0.255,0.322,0.375,0.697,595978
Jonah Heim,31,6,"Maj-AL,Maj-NL","Athletics,Atlanta",87,322,293,30,62,16,0,12,41,24,0,59,2,0,3,9,0,0,0.212,0.273,0.389,0.662,641680
Tyler Heineman,35,6,Maj-AL,"Los Angeles,Toronto",63,169,149,14,26,3,1,1,9,5,0,25,5,10,0,6,1,0,0.174,0.226,0.228,0.455,623168
Michael Helman,30,85,Maj-AL,Texas,15,35,30,2,5,1,0,1,2,1,0,6,2,1,1,0,0,0,0.167,0.235,0.3,0.535,680737
Gunnar Henderson,25,6,Maj-AL,Baltimore,137,614,546,82,122,24,5,22,57,57,3,132,9,0,2,8,10,5,0.223,0.306,0.407,0.713,683002
Darell Hernaiz,24,6,Maj-AL,Athletics,53,155,135,13,32,3,0,1,9,16,0,29,1,2,1,1,3,0,0.237,0.32,0.281,0.602,687231
Enrique Hern\xc3\xa1ndez,34,7,Maj-NL,Los Angeles,22,47,44,6,10,2,0,2,5,3,0,15,0,0,0,0,0,0,0.227,0.277,0.409,0.686,571771
Heriberto Hern\xc3\xa1ndez,26,6,Maj-NL,Miami,106,395,351,41,81,14,1,22,58,41,1,107,2,0,1,4,10,4,0.231,0.314,0.464,0.778,681715
Teoscar Hern\xc3\xa1ndez,33,7,Maj-NL,Los Angeles,101,391,354,53,88,14,1,12,46,31,1,110,3,0,3,12,2,1,0.249,0.312,0.395,0.708,606192
Iv\xc3\xa1n Herrera,26,7,Maj-NL,St. Louis,137,612,514,82,125,24,1,14,55,67,5,111,27,0,4,17,8,0,0.243,0.358,0.375,0.733,671056
Brewer Hicklen,30,7,Maj-NL,Atlanta,10,23,19,6,7,4,0,0,3,4,0,8,0,0,0,0,0,0,0.368,0.478,0.579,1.057,676551
Liam Hicks,27,6,"Maj-AL,Maj-NL","Miami,Tampa Bay",123,489,421,62,122,13,1,17,75,50,3,46,10,1,7,7,3,0,0.29,0.373,0.447,0.82,689414
Kyle Higashioka,36,48,Maj-AL,Texas,56,186,165,20,36,4,0,7,18,19,0,47,2,0,0,5,0,0,0.218,0.306,0.37,0.676,543309
P.J. Higgins,33,86,Maj-NL,Cincinnati,13,32,26,1,6,1,0,0,4,2,0,8,0,3,1,1,0,0,0.231,0.276,0.269,0.545,664731
Derek Hill,30,7,"Maj-AL,Maj-NL","Chicago,Philadelphia",99,190,174,27,42,4,0,9,26,12,0,64,1,3,0,2,13,4,0.241,0.294,0.42,0.714,656537
Turner Hill,27,6,Maj-NL,San Francisco,13,41,33,4,9,5,0,0,8,6,0,5,0,0,2,0,1,0,0.273,0.366,0.424,0.79,806367
Rece Hinds,25,56,Maj-NL,"Cincinnati,Miami",13,38,35,2,4,3,0,0,5,1,0,19,1,0,1,0,0,0,0.114,0.158,0.2,0.358,677956
Nico Hoerner,29,6,Maj-NL,Chicago,135,592,536,55,141,27,1,8,62,41,0,52,7,0,8,11,22,3,0.263,0.319,0.362,0.681,663538
Jackson Holliday,22,6,Maj-AL,Baltimore,86,304,265,38,61,11,1,6,27,34,2,70,0,1,4,6,8,3,0.23,0.314,0.347,0.661,702616
Spencer Horwitz,28,7,Maj-NL,Pittsburgh,95,381,324,37,80,12,1,10,38,46,0,58,7,0,4,13,1,0,0.247,0.349,0.383,0.732,687462
Rhys Hoskins,33,19,Maj-AL,Cleveland,95,317,263,33,47,13,0,13,38,47,0,100,3,0,4,4,1,0,0.179,0.306,0.376,0.682,656555
Brady House,23,6,Maj-NL,Washington,75,287,261,35,63,12,0,10,38,21,0,79,3,0,2,5,2,0,0.241,0.303,0.402,0.705,691781
Sam Huff,28,42,Maj-AL,Baltimore,14,34,33,1,4,2,0,0,1,1,0,19,0,0,0,0,0,0,0.121,0.147,0.182,0.329,669087
Blake Hunt,27,78,Maj-NL,San Diego,2,3,3,0,0,0,0,0,0,0,0,3,0,0,0,0,0,0,0.0,0.0,0.0,0.0,675448
Andy Ib\xc3\xa1\xc3\xb1ez,33,119,"Maj-AL,Maj-NL","Athletics,New York",14,26,23,1,2,0,0,0,5,1,0,3,0,0,2,0,0,0,0.087,0.115,0.087,0.202,628451
Jonathan India,29,141,Maj-AL,Kansas City,17,58,48,8,8,1,0,2,8,8,0,13,2,0,0,0,0,0,0.167,0.31,0.313,0.623,663697
Cooper Ingle,24,63,Maj-AL,Cleveland,7,24,21,1,2,0,0,0,2,3,0,12,0,0,0,0,0,0,0.095,0.208,0.095,0.304,694876
Kyle Isbel,29,7,Maj-AL,Kansas City,78,259,233,26,55,9,1,6,24,14,0,58,3,7,2,7,6,0,0.236,0.286,0.361,0.646,664728
Alex Jackson,30,6,Maj-AL,Minnesota,29,70,66,11,20,4,0,1,5,2,0,23,2,0,0,0,0,0,0.303,0.343,0.409,0.752,656577
Jeremiah Jackson,26,19,Maj-AL,Baltimore,89,248,234,25,53,10,0,7,39,8,1,51,2,1,3,11,2,1,0.226,0.255,0.359,0.614,669236
Danny Jansen,31,6,Maj-AL,Texas,49,167,146,14,24,7,1,5,16,14,0,48,5,2,0,6,1,1,0.164,0.261,0.329,0.589,643376
Jim Jarvis,25,15,Maj-NL,Atlanta,38,124,111,10,23,5,1,1,11,8,0,23,1,4,0,0,0,1,0.207,0.267,0.297,0.564,805347
Ryan Jeffers,29,6,Maj-AL,Minnesota,74,296,251,45,69,16,1,12,46,41,1,49,2,0,1,3,1,0,0.275,0.38,0.49,0.87,680777
Walker Jenkins,21,6,Maj-AL,Minnesota,4,14,12,2,3,1,0,1,3,2,0,1,0,0,0,0,1,0,0.25,0.357,0.583,0.94,805805
Carter Jensen,22,7,Maj-AL,Kansas City,128,512,447,61,99,25,1,19,61,57,1,147,2,0,6,4,2,1,0.221,0.309,0.409,0.718,695600
Eloy Jim\xc3\xa9nez,29,131,Maj-AL,Toronto,12,35,31,2,9,0,0,0,3,3,0,7,0,0,1,1,0,0,0.29,0.343,0.29,0.633,650391
Leo Jimenez,25,6,Maj-NL,Miami,66,194,166,18,33,4,0,2,14,18,0,38,8,1,1,7,1,0,0.199,0.306,0.259,0.565,677870
Connor Joe,33,78,Maj-AL,Seattle,21,45,39,2,7,2,0,1,3,6,0,15,0,0,0,1,2,0,0.179,0.289,0.308,0.597,656582
Bryce Johnson,30,88,Maj-NL,San Diego,32,49,45,5,8,2,0,0,2,3,0,18,0,1,0,1,5,1,0.178,0.229,0.222,0.451,669369
Daniel Johnson,30,126,Maj-AL,Houston,8,17,14,1,2,0,0,0,0,2,0,3,1,0,0,1,0,0,0.143,0.294,0.143,0.437,669288
Ivan Johnson,27,7,Maj-NL,Cincinnati,16,19,16,0,1,0,0,0,0,3,0,7,0,0,0,0,2,0,0.063,0.211,0.063,0.273,671155
Troy Johnston,29,6,Maj-NL,Colorado,114,402,354,37,102,28,1,4,47,35,0,68,7,1,5,4,4,5,0.288,0.359,0.407,0.766,687859
Greg Jones,28,60,Maj-NL,Milwaukee,12,24,23,0,2,0,0,0,1,0,0,10,0,1,0,0,1,1,0.087,0.087,0.087,0.174,675659
Jahmai Jones,28,8,Maj-AL,"Boston,Detroit",79,145,127,17,27,6,1,4,13,15,0,44,3,0,0,3,3,2,0.213,0.31,0.37,0.68,663330
Spencer Jones,25,6,Maj-AL,New York,65,201,181,25,43,9,1,8,25,18,1,71,1,0,1,0,8,2,0.238,0.308,0.431,0.739,682987
Blaze Jordan,23,10,Maj-NL,St. Louis,57,199,186,16,46,8,4,3,28,7,0,30,2,0,4,8,0,0,0.247,0.276,0.382,0.658,691458
Aaron Judge,34,98,Maj-AL,New York,58,256,209,43,53,10,0,17,38,42,5,68,2,0,1,8,5,3,0.254,0.382,0.545,0.927,592450
Edouard Julien,27,30,Maj-NL,Colorado,88,276,236,37,49,9,1,3,20,39,0,71,1,0,0,6,5,3,0.208,0.322,0.292,0.615,666397
Corey Julks,30,9,Maj-AL,Detroit,4,7,7,1,2,1,0,0,0,0,0,1,0,0,0,0,0,0,0.286,0.286,0.429,0.714,667452
Jace Jung,25,123,Maj-AL,Detroit,3,8,6,1,1,0,0,0,0,2,0,1,0,0,0,0,0,0,0.167,0.375,0.167,0.542,690291
Josh Jung,28,47,Maj-AL,Texas,92,396,354,46,104,23,1,9,35,33,0,71,6,0,3,14,1,1,0.294,0.361,0.441,0.802,673962
Kyle Karros,23,15,Maj-NL,Colorado,114,403,346,58,91,20,2,10,44,48,2,82,6,0,3,4,5,0,0.263,0.36,0.419,0.779,691720
CJ Kayfus,24,147,Maj-AL,Cleveland,9,25,22,4,4,1,0,1,2,2,0,8,1,0,0,0,0,0,0.182,0.28,0.364,0.644,692216
Luke Keaschall,23,6,Maj-AL,Minnesota,129,516,441,66,122,23,1,9,41,50,1,78,17,1,7,6,16,7,0.277,0.367,0.395,0.762,807712
Colt Keith,24,6,Maj-AL,Detroit,126,389,354,46,91,16,4,9,32,29,0,75,4,0,2,8,5,0,0.257,0.319,0.401,0.72,690993
Jarred Kelenic,26,15,Maj-AL,"Chicago,Texas",36,83,73,5,16,2,0,1,6,10,0,31,0,0,0,0,0,1,0.219,0.313,0.288,0.601,672284
Carson Kelly,31,6,Maj-NL,Chicago,101,365,324,50,86,13,0,10,51,38,0,60,3,0,0,9,0,1,0.265,0.348,0.398,0.746,608348
Otto Kemp,26,109,Maj-NL,Philadelphia,13,27,25,0,2,0,0,0,0,1,0,10,1,0,0,0,0,0,0.08,0.148,0.08,0.228,805249
Buddy Kennedy,27,11,"Maj-AL,Maj-NL","San Francisco,Seattle",25,49,43,4,5,1,0,0,1,5,0,15,1,0,0,0,0,0,0.116,0.224,0.14,0.364,671083
Max Kepler,33,8,Maj-NL,Arizona,39,139,126,11,27,7,0,2,15,11,1,30,0,0,2,3,0,0,0.214,0.273,0.317,0.591,596146
Sean Keys,23,46,Maj-AL,Toronto,12,37,36,5,6,1,0,1,5,1,0,13,0,0,0,0,0,0,0.167,0.189,0.278,0.467,815873
Ha-Seong Kim,30,7,Maj-NL,Atlanta,35,96,86,5,7,0,0,0,5,9,0,26,1,0,0,1,2,0,0.081,0.177,0.081,0.258,673490
Hyeseong Kim,27,102,Maj-NL,Los Angeles,43,131,116,16,30,3,1,1,11,12,0,31,0,0,2,2,5,1,0.259,0.323,0.328,0.651,808975
Isiah Kiner-Falefa,31,80,Maj-AL,Boston,47,132,119,19,33,4,0,2,13,12,0,18,0,1,0,3,7,2,0.277,0.344,0.361,0.705,643396
Scott Kingery,32,136,Maj-NL,Chicago,8,4,4,2,1,0,0,0,0,0,0,0,0,0,0,0,1,0,0.25,0.25,0.25,0.5,664068
Alejandro Kirk,27,7,Maj-AL,Toronto,61,238,209,18,58,6,0,8,32,26,5,27,0,0,3,6,1,0,0.278,0.353,0.421,0.774,672386
Andrew Knizner,31,6,Maj-NL,San Francisco,11,30,27,3,6,2,0,1,1,2,0,4,1,0,0,1,0,0,0.222,0.3,0.407,0.707,668800
Christian Koss,28,6,Maj-NL,San Francisco,46,134,123,12,24,5,0,1,4,5,0,37,2,4,0,2,2,0,0.195,0.238,0.26,0.499,683766
Ryan Kreidler,28,6,Maj-AL,Minnesota,87,227,210,28,47,8,3,6,26,15,0,49,1,1,0,6,4,3,0.224,0.279,0.376,0.655,668952
Joshua Kuroda-Grauer,23,48,Maj-AL,Athletics,16,62,60,8,25,7,0,1,4,1,0,7,1,0,0,3,0,1,0.417,0.435,0.583,1.019,811965
Nick Kurtz,23,37,Maj-AL,Athletics,99,434,352,62,90,15,1,21,69,79,9,141,3,0,0,5,7,1,0.256,0.396,0.483,0.879,701762
Steven Kwan,28,7,Maj-AL,Cleveland,127,530,447,68,123,17,2,2,27,71,1,53,4,4,3,8,9,3,0.275,0.377,0.336,0.713,680757
Shea Langeliers,28,44,Maj-AL,Athletics,93,416,376,55,99,19,0,23,51,34,2,96,5,0,1,5,2,1,0.263,0.332,0.497,0.829,669127
Wyatt Langford,24,6,Maj-AL,Texas,86,370,330,50,83,16,2,15,36,36,0,78,4,0,0,8,10,3,0.252,0.332,0.448,0.781,694671
Luis Lara,21,6,Maj-NL,Milwaukee,44,142,127,18,35,7,2,1,19,14,0,28,0,0,1,1,3,1,0.276,0.345,0.386,0.731,800325
Trevor Larnach,29,6,Maj-AL,Minnesota,112,404,358,52,95,21,1,11,45,42,1,72,3,1,0,10,2,2,0.265,0.347,0.422,0.769,663616
Ram\xc3\xb3n Laureano,31,99,Maj-NL,San Diego,53,206,182,23,37,6,2,7,21,20,0,65,2,0,2,1,7,2,0.203,0.286,0.374,0.66,657656
Jordan Lawlar,23,6,Maj-NL,Arizona,23,79,70,10,19,2,0,3,9,4,0,21,4,1,0,0,4,0,0.271,0.346,0.429,0.775,691783
Brooks Lee,25,6,Maj-AL,Minnesota,132,530,492,61,122,21,3,22,76,33,0,86,3,1,1,9,7,5,0.248,0.299,0.437,0.736,686797
Hao-Yu Lee,23,6,Maj-AL,Detroit,92,264,244,27,66,12,1,8,34,17,1,60,0,1,2,1,2,2,0.27,0.316,0.426,0.742,701678
Jung Hoo Lee,27,6,Maj-NL,San Francisco,125,507,471,61,137,27,4,9,49,25,0,50,7,0,4,6,12,1,0.291,0.333,0.423,0.756,808982
Sandy Le\xc3\xb3n,37,81,Maj-NL,Atlanta,21,44,44,0,4,0,0,0,0,0,0,18,0,0,0,0,0,0,0.091,0.091,0.091,0.182,506702
Eddys Leonard,25,29,Maj-NL,San Francisco,3,8,8,0,2,1,0,0,0,0,0,2,0,0,0,0,0,0,0.25,0.25,0.375,0.625,678760
Royce Lewis,27,6,Maj-AL,Minnesota,103,419,377,46,87,20,1,13,46,35,1,103,3,0,4,3,14,0,0.231,0.298,0.393,0.691,668904
Daylen Lile,23,6,Maj-NL,Washington,138,573,526,73,135,26,6,20,80,36,2,108,6,0,5,6,13,7,0.257,0.309,0.443,0.752,695734
Francisco Lindor,32,6,Maj-NL,New York,81,351,312,46,72,9,4,14,34,36,0,67,3,0,0,3,3,2,0.231,0.316,0.42,0.736,596019
Tyler Locklear,25,23,Maj-NL,Arizona,15,42,36,8,10,3,0,1,6,4,0,9,1,0,1,3,1,0,0.278,0.357,0.444,0.802,682988
Brandon Lockridge,29,19,Maj-NL,Milwaukee,38,111,99,12,27,4,0,0,12,11,0,32,0,1,0,0,6,1,0.273,0.345,0.313,0.659,663604
Nick Loftin,27,7,Maj-AL,Kansas City,98,354,304,38,72,23,2,6,40,36,0,56,6,4,4,6,2,1,0.237,0.326,0.385,0.711,679845
George Lombard Jr.,21,8,Maj-AL,New York,23,87,79,12,20,1,1,2,6,7,0,24,0,0,1,0,1,1,0.253,0.31,0.367,0.677,806146
Joey Loperfido,27,67,Maj-AL,Houston,39,120,102,13,22,7,1,1,12,14,1,31,1,1,1,2,1,1,0.216,0.314,0.333,0.647,694388
Nicky Lopez,31,6,"Maj-AL,Maj-NL","Chicago,Texas",79,227,204,20,53,3,1,1,22,10,0,38,3,8,2,5,5,3,0.26,0.301,0.299,0.6,670032
Otto Lopez,27,6,Maj-NL,Miami,134,583,538,80,164,30,7,10,61,30,0,76,4,0,11,12,29,4,0.305,0.34,0.442,0.782,672640
Brandon Lowe,31,7,Maj-NL,Pittsburgh,128,563,502,81,126,27,1,28,82,52,0,168,2,0,7,5,2,0,0.251,0.32,0.476,0.796,664040
Josh Lowe,28,6,Maj-AL,Los Angeles,94,288,261,25,55,7,0,10,27,22,1,81,1,2,2,0,6,1,0.211,0.273,0.352,0.625,666139
Nathaniel Lowe,30,7,"Maj-AL,Maj-NL","Cincinnati,Cleveland",103,360,324,34,84,21,0,15,52,32,1,86,0,0,4,2,0,0,0.259,0.322,0.463,0.785,663993
Matthew Lugo,25,7,Maj-AL,Kansas City,3,3,3,0,1,0,0,0,0,0,0,2,0,0,0,0,0,0,0.333,0.333,0.333,0.667,683090
Nathan Lukes,31,7,Maj-AL,Toronto,102,364,329,38,87,11,0,10,32,21,0,54,6,6,2,9,1,1,0.264,0.318,0.389,0.707,664770
Manny Machado,33,6,Maj-NL,San Diego,135,578,504,69,111,21,0,24,74,65,3,125,1,1,7,19,4,3,0.22,0.307,0.405,0.712,592518
Joe Mack,23,7,Maj-NL,Miami,85,269,245,32,57,8,0,12,39,17,0,68,2,4,1,6,0,0,0.233,0.287,0.412,0.699,691788
Nick Madrigal,29,80,Maj-AL,Los Angeles,15,52,44,7,12,1,0,0,2,7,0,3,1,0,0,1,1,1,0.273,0.385,0.295,0.68,663611
Luke Maile,35,8,Maj-AL,Kansas City,12,34,33,2,5,1,0,1,5,1,0,11,0,0,0,2,0,0,0.152,0.176,0.273,0.449,571912
Ben Malgeri,26,6,Maj-AL,Detroit,38,86,72,9,16,2,0,3,11,12,0,22,1,0,1,0,1,0,0.222,0.337,0.375,0.712,701162
Trey Mancini,34,84,Maj-AL,Los Angeles,5,14,13,1,4,0,1,0,4,0,0,3,0,0,1,1,0,0,0.308,0.286,0.462,0.747,641820
Jake Mangum,30,7,Maj-NL,Pittsburgh,114,411,373,52,107,16,2,4,28,22,1,82,11,3,2,6,21,8,0.287,0.343,0.373,0.716,663968
Kyle Manzardo,25,35,Maj-AL,Cleveland,102,356,312,40,67,10,1,13,39,36,0,114,6,0,2,5,0,0,0.215,0.306,0.378,0.684,700932
Rafael March\xc3\xa1n,27,46,Maj-NL,Philadelphia,32,92,88,5,9,0,0,2,6,2,0,14,2,0,0,2,0,0,0.102,0.141,0.17,0.312,665561
Jakob Marsee,25,6,Maj-NL,Miami,132,522,437,66,92,16,5,8,31,68,1,112,11,5,1,4,21,12,0.211,0.331,0.325,0.656,805300
Brandon Marsh,28,6,Maj-NL,Philadelphia,132,511,472,67,128,18,2,17,57,32,5,128,2,1,4,4,11,3,0.271,0.318,0.426,0.743,669016
Ketel Marte,32,6,Maj-NL,Arizona,119,523,472,65,118,23,3,21,67,42,3,78,5,0,4,4,4,0,0.25,0.315,0.445,0.76,606466
Noelvi Marte,24,20,Maj-NL,Cincinnati,63,201,190,19,36,7,0,6,15,10,0,52,0,0,1,4,7,2,0.189,0.229,0.321,0.55,682622
Starling Marte,37,22,Maj-AL,Kansas City,59,168,153,15,37,5,0,2,14,9,0,41,4,0,2,4,2,2,0.242,0.298,0.314,0.611,516782
Austin Martin,27,21,Maj-AL,Minnesota,110,335,282,41,68,17,0,3,23,43,0,60,7,0,3,6,12,7,0.241,0.352,0.333,0.686,668885
Angel Mart\xc3\xadnez,24,8,Maj-AL,Cleveland,94,341,318,37,78,18,1,13,48,10,0,74,6,6,1,8,11,3,0.245,0.281,0.431,0.711,682657
Omar Mart\xc3\xadnez,24,116,Maj-AL,Los Angeles,5,3,3,0,1,0,0,0,0,0,0,1,0,0,0,0,0,0,0.333,0.333,0.333,0.667,683079
Michael Massey,28,12,Maj-AL,Kansas City,110,366,340,46,94,22,1,11,44,19,0,62,0,2,5,7,2,0,0.276,0.31,0.444,0.755,686681
Miles Mastrobuoni,30,56,Maj-AL,Seattle,13,30,26,3,5,0,0,0,1,2,0,10,0,1,1,0,0,0,0.192,0.241,0.192,0.434,670156
Jorge Mateo,31,6,"Maj-AL,Maj-NL","Atlanta,Tampa Bay",77,167,155,35,36,7,0,5,16,11,0,47,0,0,1,2,15,2,0.232,0.281,0.374,0.656,622761
Luis Matos,24,136,Maj-NL,Milwaukee,9,21,20,1,4,0,0,0,0,1,0,7,0,0,0,1,0,0,0.2,0.238,0.2,0.438,682641
Brice Matthews,24,56,Maj-AL,Houston,82,226,208,23,41,5,1,7,22,15,0,71,0,2,1,3,4,4,0.197,0.25,0.332,0.582,694728
Ronny Mauricio,25,62,Maj-NL,New York,17,50,50,4,9,1,0,1,2,0,0,18,0,0,0,1,0,0,0.18,0.18,0.26,0.44,677595
Marcelo Mayer,23,73,Maj-AL,Boston,70,228,205,19,45,10,0,3,22,16,0,44,3,0,3,5,3,0,0.22,0.282,0.312,0.594,691785
Coby Mayo,24,6,Maj-AL,Baltimore,110,366,334,53,73,13,3,19,55,26,0,118,5,0,1,4,3,0,0.219,0.284,0.446,0.73,691723
Charles McAdoo,24,7,Maj-AL,Toronto,23,79,73,7,17,2,0,2,10,5,0,20,0,0,1,2,1,0,0.233,0.278,0.342,0.621,807727
James McCann,36,8,Maj-NL,Arizona,42,138,129,14,38,6,0,4,22,6,0,34,1,2,0,5,0,0,0.295,0.331,0.434,0.765,543510
Jake McCarthy,28,6,Maj-NL,Colorado,123,490,450,66,130,27,7,14,70,24,0,81,6,4,5,7,26,5,0.289,0.33,0.473,0.803,664983
Grant McCray,25,8,Maj-NL,San Francisco,27,62,51,8,6,1,1,1,2,8,1,18,0,3,0,0,4,0,0.118,0.237,0.235,0.473,687529
Andrew McCutchen,39,104,Maj-AL,Texas,37,83,73,8,14,2,0,1,5,9,0,22,0,0,1,0,0,0,0.192,0.277,0.26,0.537,457705
Kevin McGonigle,21,6,Maj-AL,Detroit,133,598,511,84,140,24,3,14,58,81,1,82,3,0,3,5,12,2,0.274,0.375,0.415,0.789,805808
Reese McGuire,31,136,Maj-AL,Chicago,11,34,29,1,5,0,0,0,3,2,0,9,2,1,0,0,0,0,0.172,0.273,0.172,0.445,624512
Zach McKinstry,31,6,Maj-AL,Detroit,111,377,332,35,71,15,3,4,26,37,1,61,3,3,2,4,2,5,0.214,0.297,0.313,0.61,656716
Matt McLain,26,6,Maj-NL,Cincinnati,114,427,372,50,71,17,0,13,35,45,0,116,6,3,1,3,16,3,0.191,0.288,0.341,0.629,680574
Ryan McMahon,31,18,Maj-AL,New York,105,302,275,28,59,12,0,10,30,23,0,91,2,1,1,6,3,2,0.215,0.279,0.367,0.646,641857
Jeff McNeil,34,6,Maj-AL,Athletics,121,427,391,39,103,19,0,6,47,26,1,48,4,1,4,12,7,2,0.263,0.313,0.358,0.671,643446
Curtis Mead,25,41,"Maj-AL,Maj-NL","Boston,Washington",88,329,285,49,72,17,1,17,48,39,0,63,5,0,0,7,6,2,0.253,0.353,0.498,0.851,678554
Parker Meadows,26,150,Maj-AL,Detroit,12,39,36,3,9,1,1,0,2,2,0,10,1,0,0,0,3,0,0.25,0.308,0.333,0.641,678009
Wade Meckler,26,6,Maj-AL,Los Angeles,74,247,218,31,64,11,0,3,22,25,0,52,2,2,0,1,6,0,0.294,0.371,0.385,0.757,685133
Victor Mederos,25,51,Maj-NL,Atlanta,1,1,1,0,1,0,0,0,2,0,0,0,0,0,0,0,0,0,1.0,1.0,1.0,2.0,682989
Chase Meidroth,24,6,Maj-AL,Chicago,131,553,487,76,132,26,0,12,51,53,0,122,4,5,3,8,2,2,0.271,0.346,0.398,0.744,805367
MJ Melendez,27,73,Maj-NL,New York,56,144,120,14,23,5,1,4,11,17,0,50,5,1,1,0,0,1,0.192,0.315,0.35,0.665,669004
Joey Meneses,34,56,Maj-AL,Athletics,9,25,20,1,3,0,0,0,2,3,0,4,1,0,1,3,0,0,0.15,0.28,0.15,0.43,608841
Jackson Merrill,23,6,Maj-NL,San Diego,135,568,523,72,126,21,3,22,70,37,3,140,3,3,2,8,24,3,0.241,0.294,0.419,0.713,701538
V\xc3\xadctor Mesa Jr.,24,19,Maj-AL,Tampa Bay,56,179,159,20,34,3,2,10,22,16,0,40,1,2,1,2,6,3,0.214,0.288,0.447,0.735,683748
Jake Meyers,30,29,Maj-AL,Houston,54,153,141,15,30,7,0,3,11,10,0,31,1,0,1,3,1,2,0.213,0.268,0.326,0.594,676694
Miles Mikolas,37,32,Maj-NL,Washington,1,1,0,1,0,0,0,0,1,0,0,0,0,1,0,0,0,0,,,,,571945
Drew Millas,28,57,Maj-NL,Washington,50,152,130,18,24,4,0,2,11,14,0,37,3,2,1,1,0,1,0.185,0.277,0.262,0.539,686452
Owen Miller,29,20,Maj-NL,Chicago,1,0,0,0,0,0,0,0,0,0,0,0,0,0,0,0,0,0,,,,,680911
Kameron Misner,28,62,Maj-AL,Kansas City,18,44,41,2,9,1,0,0,4,2,0,17,0,1,0,0,3,1,0.22,0.256,0.244,0.5,670224
Garrett Mitchell,27,6,Maj-NL,Milwaukee,124,452,392,58,102,26,3,9,55,53,2,142,5,1,1,4,12,7,0.26,0.355,0.411,0.765,669003
Andruw Monasterio,29,7,Maj-AL,Boston,95,318,286,34,71,23,1,6,40,24,0,59,3,1,4,6,4,4,0.248,0.309,0.399,0.708,655316
Yo\xc3\xa1n Moncada,31,108,Maj-AL,Los Angeles,41,130,111,9,21,1,1,3,10,17,0,45,2,0,0,2,1,0,0.189,0.308,0.297,0.605,660162
Mickey Moniak,28,6,Maj-NL,Colorado,98,374,344,45,87,16,4,21,60,20,0,98,3,0,7,4,1,1,0.253,0.294,0.506,0.8,666160
Braden Montgomery,23,6,Maj-AL,Chicago,70,288,254,38,57,12,3,5,35,30,0,58,3,0,1,4,1,3,0.224,0.313,0.354,0.667,695731
Colson Montgomery,24,6,Maj-AL,Chicago,129,545,487,62,104,21,0,29,77,46,3,185,10,0,2,6,1,1,0.214,0.294,0.435,0.729,695657
Christian Moore,23,6,Maj-AL,Los Angeles,15,60,53,2,10,2,0,1,4,5,0,20,1,0,1,1,1,1,0.189,0.267,0.283,0.55,695681
Dylan Moore,33,128,Maj-NL,Philadelphia,13,15,12,3,0,0,0,0,0,3,0,6,0,0,0,0,1,0,0.0,0.2,0.0,0.2,664238
Nick Morabito,23,104,Maj-NL,New York,5,12,11,0,0,0,0,0,0,0,0,9,1,0,0,0,0,1,0.0,0.083,0.0,0.083,703492
Christopher Morel,27,6,Maj-NL,"Miami,New York",29,89,82,3,14,3,0,0,2,6,0,31,1,0,0,0,1,0,0.171,0.236,0.207,0.443,666624
Gabriel Moreno,26,6,Maj-NL,Arizona,108,453,389,58,118,29,1,11,67,51,0,68,4,0,9,8,5,2,0.303,0.382,0.468,0.85,672515
Ryan Mountcastle,29,148,Maj-AL,Baltimore,8,15,14,0,4,1,0,0,1,1,0,2,0,0,0,0,0,0,0.286,0.333,0.357,0.69,663624
Cedric Mullins,31,6,Maj-AL,Tampa Bay,120,451,393,51,81,10,3,14,42,39,0,88,7,5,4,3,18,9,0.206,0.287,0.354,0.64,656775
Max Muncy,35,7,Maj-NL,Los Angeles,126,473,411,69,103,20,1,26,68,57,4,118,4,0,1,6,2,0,0.251,0.347,0.494,0.841,571970
Max Muncy,23,6,Maj-AL,Athletics,70,246,220,28,48,9,2,7,25,19,0,81,4,0,3,5,3,2,0.218,0.289,0.373,0.661,691777
Munetaka Murakami,26,6,Maj-AL,Chicago,102,447,364,71,79,14,0,29,59,80,7,150,2,0,1,3,1,3,0.217,0.36,0.495,0.855,808959
Sean Murphy,31,6,Maj-NL,Atlanta,17,61,58,6,13,3,0,2,4,3,0,22,0,0,0,1,0,0,0.224,0.262,0.379,0.642,669221
Tanner Murray,26,133,Maj-AL,Chicago,13,33,28,2,6,0,0,1,3,2,1,7,1,1,1,0,0,0,0.214,0.281,0.321,0.603,695020
Dane Myers,30,6,Maj-NL,Cincinnati,100,275,238,29,61,9,0,6,22,32,0,67,3,0,2,4,9,0,0.256,0.349,0.37,0.719,667472
Carlos Narv\xc3\xa1ez,27,7,Maj-AL,"Baltimore,Boston",81,255,222,19,36,7,0,3,10,17,0,85,7,6,3,7,1,0,0.162,0.241,0.234,0.475,665966
Brian Navarreto,31,6,Maj-NL,Miami,21,49,41,6,5,1,0,1,2,2,0,17,2,3,1,0,0,0,0.122,0.196,0.22,0.415,640459
Bo Naylor,26,122,Maj-AL,Cleveland,28,90,84,4,12,2,0,2,7,6,0,21,0,0,0,2,0,0,0.143,0.2,0.238,0.438,666310
Josh Naylor,29,6,Maj-AL,Seattle,128,547,498,49,133,18,0,10,47,41,3,71,5,0,2,16,25,7,0.267,0.328,0.363,0.691,647304
Zach Neto,25,6,Maj-AL,Los Angeles,133,595,530,87,125,27,4,23,66,55,1,182,9,0,1,3,18,11,0.236,0.318,0.432,0.75,687263
Brandon Nimmo,33,6,Maj-AL,Texas,132,559,504,56,133,30,4,14,53,44,2,120,7,0,4,12,7,1,0.264,0.329,0.423,0.752,607043
Rikuu Nishida,25,91,Maj-AL,Chicago,12,30,29,3,7,0,0,0,2,0,0,5,0,1,0,0,0,0,0.241,0.241,0.241,0.483,807747
Lars Nootbaar,28,6,Maj-NL,"Arizona,St. Louis",69,257,221,29,51,12,1,6,27,35,2,50,0,0,1,5,2,1,0.231,0.335,0.376,0.71,663457
Connor Norby,26,6,Maj-NL,"Colorado,Miami",84,303,261,26,59,17,0,6,26,33,0,90,8,0,1,6,8,3,0.226,0.33,0.36,0.69,681393
Nasim Nu\xc3\xb1ez,25,6,Maj-NL,Washington,128,455,399,50,86,5,3,1,35,45,0,93,1,8,2,7,44,8,0.216,0.295,0.251,0.546,683083
Ryan O\'Hearn,32,37,Maj-NL,Pittsburgh,96,398,359,54,97,15,0,17,69,31,1,86,5,0,3,14,1,0,0.27,0.334,0.454,0.788,656811
Logan O\'Hoppe,26,6,Maj-AL,"Los Angeles,Texas",80,264,242,22,51,9,0,4,23,17,0,65,3,1,1,6,0,0,0.211,0.27,0.298,0.567,681351
Tyler O\'Neill,31,15,Maj-AL,Baltimore,85,260,231,31,49,8,0,10,23,27,0,72,2,0,0,5,1,0,0.212,0.3,0.377,0.677,641933
Shohei Ohtani,31,7,Maj-NL,Los Angeles,127,582,493,86,138,25,4,30,80,77,16,138,5,0,5,9,10,3,0.28,0.379,0.529,0.909,660271
Kazuma Okamoto,30,7,Maj-AL,Toronto,133,543,486,72,111,21,0,28,78,48,0,160,6,0,3,10,1,1,0.228,0.304,0.444,0.748,672960
Jared Oliva,30,145,Maj-NL,San Francisco,7,7,7,1,1,0,0,0,0,0,0,1,0,0,0,1,1,0,0.143,0.143,0.143,0.286,666931
Matt Olson,32,6,Maj-NL,Atlanta,138,600,535,93,137,32,0,37,80,59,5,151,3,0,3,9,4,0,0.256,0.332,0.523,0.855,621566
Jonathan Ornelas,26,19,"Maj-AL,Maj-NL","Athletics,Milwaukee",9,22,21,1,4,0,0,0,1,1,0,11,0,0,0,1,0,0,0.19,0.227,0.19,0.418,680716
Abimelec Ortiz,24,6,Maj-NL,Washington,27,92,87,12,19,3,0,5,10,5,0,22,0,0,0,1,0,0,0.218,0.261,0.425,0.686,694673
Joey Ortiz,27,6,Maj-NL,Milwaukee,114,345,305,39,77,12,3,7,38,31,0,64,0,4,5,10,9,4,0.252,0.317,0.38,0.697,687401
Alejandro Osuna,23,29,Maj-AL,Texas,75,220,192,25,49,5,0,1,24,19,0,32,8,1,0,3,5,2,0.255,0.347,0.297,0.644,696030
James Outman,29,25,Maj-AL,"Detroit,Minnesota",93,170,157,23,27,4,2,5,17,10,0,71,3,0,0,0,6,3,0.172,0.235,0.318,0.554,681546
Marcell Ozuna,35,36,Maj-NL,Pittsburgh,69,280,251,22,51,7,0,8,29,27,1,80,2,0,0,5,0,0,0.203,0.286,0.327,0.612,542303
Cristian Pache,27,6,Maj-NL,New York,11,8,8,2,1,0,0,0,0,0,0,4,0,0,0,0,0,0,0.125,0.125,0.125,0.25,665506
Andy Pages,25,16,Maj-NL,Los Angeles,128,550,493,72,134,25,2,21,80,45,1,107,7,0,5,11,12,7,0.272,0.338,0.458,0.797,681624
Pedro Pag\xc3\xa9s,27,10,Maj-NL,St. Louis,74,196,177,13,37,6,0,4,11,11,0,52,2,4,2,5,2,0,0.209,0.26,0.311,0.571,686780
Richie Palacios,29,6,Maj-AL,Tampa Bay,104,338,292,43,66,12,2,5,39,39,0,61,3,2,2,5,11,5,0.226,0.321,0.332,0.654,680700
Isaac Paredes,27,6,Maj-AL,Houston,131,557,476,54,122,23,1,17,73,59,0,73,17,0,5,15,0,0,0.256,0.355,0.416,0.771,670623
Vinnie Pasquantino,28,7,Maj-AL,Kansas City,91,388,337,41,83,15,2,9,41,44,3,62,3,0,4,3,5,0,0.246,0.335,0.383,0.718,686469
Graham Pauley,25,21,Maj-NL,Miami,46,115,108,9,21,9,0,1,14,5,0,27,0,1,1,4,1,1,0.194,0.228,0.306,0.534,688363
John Peck,23,6,Maj-AL,Detroit,1,0,0,0,0,0,0,0,0,0,0,0,0,0,0,0,0,0,,,,,807726
Joc Pederson,34,6,Maj-AL,Texas,126,407,352,53,82,11,2,24,49,47,2,96,4,0,3,10,2,0,0.233,0.328,0.48,0.808,592626
Jeremy Pe\xc3\xb1a,28,6,Maj-AL,Houston,88,380,349,67,99,16,1,17,46,22,0,84,7,0,2,3,9,1,0.284,0.337,0.481,0.818,665161
Oswald Peraza,26,6,Maj-AL,Los Angeles,111,338,311,30,70,12,2,7,24,15,0,101,10,1,1,8,12,2,0.225,0.282,0.344,0.626,672724
Geraldo Perdomo,26,6,Maj-NL,Arizona,134,580,483,64,122,18,6,9,47,81,0,72,4,6,6,10,19,9,0.253,0.361,0.371,0.731,672695
Jhonny Pereda,30,11,Maj-AL,Seattle,26,82,76,9,21,0,0,2,4,5,0,16,1,0,0,1,0,0,0.276,0.329,0.355,0.685,640902
Everson Pereira,25,16,"Maj-AL,Maj-NL","Chicago,St. Louis",38,111,98,10,23,5,0,5,12,6,0,37,5,1,1,3,1,0,0.235,0.309,0.439,0.748,677592
Junior Perez,24,42,Maj-AL,Chicago,22,36,35,5,6,0,0,3,6,1,0,14,0,0,0,0,0,1,0.171,0.194,0.429,0.623,678577
Salvador Perez,36,7,Maj-AL,Kansas City,128,535,494,46,110,21,1,17,62,20,2,106,12,0,7,19,1,0,0.223,0.266,0.372,0.639,521692
Wenceel P\xc3\xa9rez,26,82,Maj-AL,Detroit,53,175,161,22,29,4,1,7,17,14,0,29,0,0,0,1,3,1,0.18,0.246,0.348,0.594,672761
Blake Perkins,29,42,Maj-NL,Milwaukee,55,101,89,14,14,6,0,1,11,10,0,22,1,1,0,1,3,1,0.157,0.25,0.258,0.508,663368
Tristan Peters,26,6,Maj-AL,Chicago,132,414,370,54,103,27,3,12,52,32,0,75,6,4,2,0,7,2,0.278,0.344,0.465,0.809,671976
Tommy Pham,38,133,Maj-NL,New York,9,14,13,1,0,0,0,0,0,1,0,7,0,0,0,0,0,0,0.0,0.071,0.0,0.071,502054
Yohendrick Pinango,24,39,Maj-AL,Toronto,58,180,169,12,44,8,0,5,20,11,0,44,0,0,0,6,0,0,0.26,0.306,0.396,0.702,682818
Andrew Pinckney,25,6,Maj-NL,Washington,13,25,22,6,6,0,1,1,2,1,0,8,1,0,1,0,1,1,0.273,0.32,0.5,0.82,687605
Kenny Piper,27,6,Maj-AL,Tampa Bay,9,10,9,3,2,0,0,1,2,1,0,3,0,0,0,0,1,0,0.222,0.3,0.556,0.856,700652
Jorge Polanco,32,20,Maj-NL,New York,37,145,135,7,20,5,0,2,6,9,0,36,0,1,0,2,0,0,0.148,0.201,0.23,0.431,593871
Logan Porter,30,81,"Maj-AL,Maj-NL","Los Angeles,San Francisco",3,6,4,2,1,1,0,0,0,2,0,2,0,0,0,0,0,0,0.25,0.5,0.5,1.0,682515
Yohel Pozo,29,8,"Maj-AL,Maj-NL","Baltimore,St. Louis",30,50,48,3,12,1,0,1,7,1,0,6,0,0,1,5,0,0,0.25,0.26,0.333,0.593,650968
Cooper Pratt,21,6,Maj-NL,Milwaukee,53,187,159,25,43,5,1,3,22,18,0,36,2,1,7,8,12,2,0.27,0.339,0.371,0.71,806198
Collin Price,26,84,Maj-AL,Houston,7,13,12,1,2,1,0,0,0,1,0,6,0,0,0,0,0,0,0.167,0.231,0.25,0.481,805672
C\xc3\xa9sar Prieto,27,23,Maj-NL,St. Louis,12,31,31,1,2,0,0,0,0,0,0,4,0,0,0,1,0,0,0.065,0.065,0.065,0.129,693409
Edgar Quero,23,24,Maj-AL,Chicago,65,210,183,14,38,1,0,3,19,16,0,42,4,2,5,5,1,0,0.208,0.279,0.262,0.541,700337
Jeferson Quero,23,161,Maj-NL,Milwaukee,1,2,1,0,0,0,0,0,0,1,0,0,0,0,0,0,0,0,0.0,0.5,0.0,0.5,691620
Ceddanne Rafaela,25,6,Maj-AL,Boston,133,563,529,67,150,32,3,16,70,21,1,113,8,2,3,10,17,9,0.284,0.319,0.446,0.765,678882
Cal Raleigh,29,6,Maj-AL,Seattle,104,432,368,35,63,9,0,20,54,58,0,136,3,0,3,5,2,1,0.171,0.287,0.359,0.646,663728
Luke Raley,31,38,Maj-AL,Seattle,95,287,262,28,59,9,1,15,39,15,1,93,7,2,1,1,1,2,0.225,0.284,0.439,0.723,670042
Agust\xc3\xadn Ram\xc3\xadrez,24,6,Maj-NL,Miami,52,191,165,25,39,8,1,2,17,23,1,43,2,0,1,6,4,1,0.236,0.335,0.333,0.668,682663
Jos\xc3\xa9 Ram\xc3\xadrez,33,7,Maj-AL,Cleveland,103,447,382,61,93,24,0,11,48,56,8,59,2,0,6,4,31,4,0.243,0.339,0.393,0.731,608070
Pedro Ram\xc3\xadrez,22,7,Maj-NL,Chicago,61,191,172,28,49,10,2,4,24,16,2,33,1,1,1,3,7,1,0.285,0.347,0.436,0.783,699393
Heliot Ramos,26,7,"Maj-AL,Maj-NL","New York,San Francisco",94,376,345,38,84,18,3,10,38,25,2,101,5,0,1,8,4,1,0.243,0.303,0.4,0.703,671218
John Rave,28,7,Maj-AL,Kansas City,33,93,83,16,18,5,1,3,8,8,0,19,0,2,0,1,4,0,0.217,0.286,0.41,0.695,670231
J.T. Realmuto,35,7,Maj-NL,Philadelphia,102,388,343,45,77,17,0,10,45,30,0,79,9,0,6,8,3,0,0.224,0.299,0.362,0.66,592663
Rob Refsnyder,35,36,Maj-AL,Seattle,53,129,114,9,16,1,0,4,11,8,1,37,3,1,3,2,0,0,0.14,0.211,0.254,0.465,608701
Luis Rengifo,29,8,Maj-NL,"Milwaukee,San Diego",95,354,312,38,75,12,0,4,36,34,1,49,3,3,2,4,6,4,0.24,0.319,0.317,0.636,650859
Felix Reyes,25,115,Maj-NL,Philadelphia,12,38,38,2,6,1,0,1,2,0,0,9,0,0,0,1,0,0,0.158,0.158,0.263,0.421,694025
Bryan Reynolds,31,7,Maj-NL,Pittsburgh,138,601,511,89,134,32,2,15,66,79,3,144,9,0,2,7,9,0,0.262,0.369,0.421,0.79,668804
Ben Rice,27,6,Maj-AL,New York,131,562,488,84,123,22,3,35,86,67,4,139,5,0,2,11,3,0,0.252,0.347,0.525,0.872,700250
Austin Riley,29,6,Maj-NL,Atlanta,136,542,486,55,108,21,1,15,61,42,1,171,10,0,4,11,9,1,0.222,0.295,0.362,0.657,663586
Gabriel Rincones Jr.,25,37,Maj-NL,Philadelphia,29,89,84,7,14,4,0,2,7,2,0,29,2,0,1,2,0,0,0.167,0.202,0.286,0.488,687282
Ryan Ritter,25,6,Maj-NL,Colorado,13,19,17,2,3,0,0,0,1,1,0,6,0,1,0,1,0,0,0.176,0.222,0.176,0.399,690022
Leo Rivas,28,14,Maj-AL,Seattle,47,139,116,10,17,3,1,0,9,16,0,39,4,2,1,2,2,0,0.147,0.27,0.19,0.46,660844
Sebasti\xc3\xa1n Rivero,27,89,Maj-AL,Los Angeles,24,57,53,5,13,2,0,0,8,3,0,12,0,1,0,1,0,0,0.245,0.286,0.283,0.569,665861
Luis Robert Jr.,28,7,Maj-NL,New York,58,218,193,24,43,4,0,10,23,23,0,53,0,0,2,5,2,3,0.223,0.303,0.399,0.702,673357
Chuckie Robinson,31,67,Maj-NL,Los Angeles,8,26,23,1,2,0,0,0,1,0,0,5,0,3,0,0,0,0,0.087,0.087,0.087,0.174,642020
V\xc3\xadctor Robles,29,6,Maj-AL,Seattle,60,146,130,14,34,3,2,0,9,9,0,22,3,3,1,4,10,2,0.262,0.322,0.315,0.637,645302
Brayan Rocchio,25,7,Maj-AL,Cleveland,131,509,460,51,114,19,2,10,54,32,0,74,9,4,4,9,16,5,0.248,0.307,0.363,0.67,677587
Brock Rodden,26,6,Maj-AL,Seattle,15,46,40,4,6,2,1,0,3,5,0,14,0,0,1,0,0,1,0.15,0.239,0.25,0.489,801126
Alan Roden,26,11,Maj-AL,Minnesota,28,79,67,6,17,4,0,0,10,9,0,11,0,1,2,1,0,0,0.254,0.333,0.313,0.647,702176
Endy Rodr\xc3\xadguez,26,30,Maj-NL,Pittsburgh,45,159,135,20,36,6,0,7,20,23,0,41,0,0,0,4,6,1,0.267,0.373,0.467,0.84,682848
H\xc3\xa9ctor Rodr\xc3\xadguez,22,6,Maj-NL,Cincinnati,20,73,66,9,15,2,0,4,9,6,0,17,1,0,0,0,0,0,0.227,0.301,0.439,0.741,699302
Jes\xc3\xbas Rodr\xc3\xadguez,24,37,Maj-NL,San Francisco,22,58,51,7,12,3,0,2,8,5,0,8,1,1,0,2,1,1,0.235,0.316,0.412,0.728,683679
Johnathan Rodr\xc3\xadguez,26,46,Maj-AL,Baltimore,6,15,11,0,2,1,0,0,2,3,0,6,0,0,1,1,0,0,0.182,0.333,0.273,0.606,671286
Julio Rodr\xc3\xadguez,25,6,Maj-AL,Seattle,127,551,501,61,122,19,0,20,57,41,2,125,5,0,4,8,17,3,0.244,0.305,0.401,0.706,677594
Jake Rogers,31,6,Maj-AL,"Baltimore,Boston,Chicago,Detroit",51,156,131,17,22,4,1,4,13,20,0,46,1,1,3,3,1,0,0.168,0.277,0.305,0.583,668670
Josh Rojas,32,7,Maj-AL,Kansas City,33,91,85,9,21,4,0,2,13,4,0,15,0,2,0,0,1,0,0.247,0.281,0.365,0.646,668942
Miguel Rojas,37,7,Maj-NL,Los Angeles,85,207,183,20,51,13,0,3,20,13,0,21,2,2,7,8,0,1,0.279,0.322,0.399,0.721,500743
Drew Romo,24,7,Maj-AL,Chicago,58,196,173,17,25,5,0,7,16,17,0,46,3,2,1,4,1,0,0.145,0.232,0.295,0.527,691011
Brent Rooker,31,90,Maj-AL,Athletics,48,203,180,20,36,4,0,10,29,19,1,65,2,0,2,3,2,0,0.2,0.281,0.389,0.67,667670
Ben Rortvedt,28,7,Maj-NL,Los Angeles,16,28,27,0,5,0,0,0,1,0,0,9,0,1,0,0,0,0,0.185,0.185,0.185,0.37,666163
Amed Rosario,30,6,Maj-AL,New York,79,218,201,25,48,5,1,10,30,14,0,54,0,0,3,1,2,1,0.239,0.284,0.423,0.707,642708
Shawn Ross,26,42,Maj-NL,Pittsburgh,2,5,5,1,1,0,0,1,2,0,0,2,0,0,0,0,0,0,0.2,0.2,0.8,1.0,676566
Esteury Ruiz,27,6,Maj-NL,Miami,92,204,168,35,40,10,1,6,11,22,0,64,11,1,1,0,30,7,0.238,0.361,0.417,0.778,665923
Keibert Ruiz,27,6,Maj-NL,Washington,90,314,293,41,83,22,0,9,45,16,1,35,2,0,3,7,2,1,0.283,0.322,0.451,0.772,660688
TJ Rumfield,26,6,Maj-NL,Colorado,134,543,469,55,136,26,2,13,61,63,0,75,9,0,2,5,0,0,0.29,0.383,0.437,0.82,681198
Dalton Rushing,25,36,Maj-NL,Los Angeles,73,245,217,37,55,12,0,12,36,23,0,70,4,0,1,2,0,0,0.253,0.335,0.475,0.809,687221
Adley Rutschman,28,7,Maj-AL,"Baltimore,Boston",82,343,300,35,71,20,1,9,51,36,0,55,2,0,5,7,0,1,0.237,0.318,0.4,0.718,668939
Thomas Saggese,24,7,Maj-NL,St. Louis,34,87,81,11,17,2,1,1,4,6,0,27,0,0,0,2,1,2,0.21,0.264,0.296,0.561,695336
C\xc3\xa9sar Salazar,30,98,Maj-AL,Houston,9,22,18,0,1,0,0,0,1,3,0,3,1,0,0,0,0,0,0.056,0.227,0.056,0.283,663967
Ali S\xc3\xa1nchez,29,7,Maj-AL,New York,40,71,66,6,16,2,0,1,7,1,0,20,2,1,1,2,0,1,0.242,0.271,0.318,0.59,645305
Gary S\xc3\xa1nchez,33,6,Maj-NL,Milwaukee,76,243,199,34,41,9,1,11,34,40,0,51,3,0,1,8,0,0,0.206,0.346,0.427,0.773,596142
Jes\xc3\xbas S\xc3\xa1nchez,28,8,Maj-AL,Toronto,93,288,258,24,68,18,0,8,34,17,1,66,8,0,5,6,1,2,0.264,0.323,0.426,0.749,660821
Javier Sanoja,23,6,Maj-NL,Miami,120,388,364,35,102,28,2,6,51,22,0,32,0,1,1,6,9,4,0.28,0.32,0.418,0.738,691594
Carlos Santana,40,154,Maj-NL,Arizona,8,26,24,1,2,1,0,0,0,2,0,8,0,0,0,0,0,0,0.083,0.154,0.125,0.279,467793
Nolan Schanuel,24,17,Maj-AL,Los Angeles,107,446,392,43,108,22,0,7,49,42,0,58,6,1,5,10,1,1,0.276,0.351,0.385,0.736,694384
Casey Schmitt,27,41,Maj-NL,San Francisco,97,405,384,47,105,17,1,21,55,11,1,81,6,0,4,6,9,1,0.273,0.301,0.487,0.788,669477
Daniel Schneemann,29,45,Maj-AL,Cleveland,83,276,252,28,52,11,0,6,28,24,0,81,0,0,0,5,6,2,0.206,0.275,0.321,0.597,682177
Davis Schneider,27,16,Maj-AL,Toronto,62,140,113,18,16,6,0,3,12,25,0,47,0,1,1,1,1,0,0.142,0.295,0.274,0.569,676914
Max Schuemann,29,16,Maj-AL,New York,41,87,72,17,14,6,0,2,8,12,0,21,3,0,0,0,3,2,0.194,0.333,0.361,0.694,680474
Kyle Schwarber,33,6,Maj-NL,Philadelphia,132,592,494,80,120,17,1,40,82,86,6,194,6,0,5,1,3,1,0.243,0.359,0.524,0.883,656941
Victor Scott II,25,91,Maj-NL,St. Louis,61,184,155,19,30,4,0,2,9,16,0,44,2,10,1,3,9,4,0.194,0.276,0.258,0.534,687363
Corey Seager,32,6,Maj-AL,Texas,77,331,285,44,63,12,0,13,34,41,4,80,3,0,2,10,1,0,0.221,0.323,0.4,0.723,608369
Anthony Seigler,27,9,Maj-AL,Boston,48,171,148,21,37,12,1,3,13,18,0,28,1,2,2,3,2,0,0.25,0.331,0.405,0.737,678011
Marcus Semien,35,6,Maj-NL,New York,118,460,418,42,91,10,1,14,43,36,0,97,1,1,4,10,10,2,0.218,0.279,0.347,0.626,543760
Hayden Senger,29,96,Maj-NL,New York,7,17,15,2,2,0,0,1,2,0,0,4,0,2,0,0,0,0,0.133,0.133,0.333,0.467,663584
Brian Serven,31,7,Maj-AL,Athletics,18,53,52,7,12,0,0,5,14,1,0,14,0,0,0,2,0,0,0.231,0.245,0.519,0.765,661531
Matt Shaw,24,6,Maj-NL,Chicago,58,156,137,23,34,7,2,5,22,14,0,27,3,1,1,2,4,1,0.248,0.329,0.438,0.767,807713
Gavin Sheets,30,8,Maj-NL,San Diego,122,412,356,46,75,15,0,16,46,49,0,84,5,0,2,12,4,0,0.211,0.313,0.388,0.701,657757
Braden Shewmake,28,49,"Maj-AL,Maj-NL","Houston,Milwaukee",34,91,85,12,22,5,0,3,10,2,0,16,0,2,2,2,1,0,0.259,0.27,0.424,0.693,669699
Zack Short,31,56,"Maj-AL,Maj-NL","Detroit,New York",29,62,50,4,7,2,0,0,2,8,0,19,1,1,2,0,0,0,0.14,0.262,0.18,0.442,670097
Michael Siani,26,77,Maj-AL,Baltimore,1,1,1,0,0,0,0,0,0,0,0,0,0,0,0,0,0,0,0.0,0.0,0.0,0.0,672279
Ronny Simon,26,22,Maj-NL,Pittsburgh,9,34,31,4,9,1,0,0,2,2,0,4,0,1,0,3,1,0,0.29,0.333,0.323,0.656,682927
Chandler Simpson,25,6,Maj-AL,Tampa Bay,129,522,483,53,150,14,6,0,31,24,1,42,0,9,6,5,38,14,0.311,0.339,0.364,0.704,802415
Jose Siri,30,6,Maj-AL,Los Angeles,84,188,169,29,39,8,0,7,23,12,1,60,3,3,1,7,6,1,0.231,0.292,0.402,0.694,642350
Austin Slater,33,81,"Maj-AL,Maj-NL","Miami,New York,Tampa Bay",28,74,65,6,15,3,0,0,3,8,0,21,0,0,1,1,4,0,0.231,0.311,0.277,0.588,596103
Cam Smith,23,6,Maj-AL,Houston,134,483,434,57,93,16,5,17,50,36,0,120,6,0,6,9,10,2,0.214,0.28,0.392,0.672,701358
Dominic Smith,31,8,Maj-NL,Atlanta,101,287,258,39,67,6,1,8,44,21,1,45,2,1,5,6,0,0,0.26,0.315,0.384,0.698,642086
Josh Smith,28,18,Maj-AL,"Texas,Toronto",59,187,164,16,36,3,1,3,11,19,1,40,1,2,1,3,4,1,0.22,0.303,0.305,0.608,669701
Pavin Smith,30,60,Maj-NL,Arizona,28,89,78,5,11,1,0,1,6,10,0,18,0,0,1,1,1,0,0.141,0.236,0.192,0.428,656976
Will Smith,31,93,Maj-NL,Los Angeles,52,201,173,23,43,5,0,6,23,23,0,34,2,0,3,5,0,0,0.249,0.338,0.382,0.72,669257
Tyler Soderstrom,24,23,Maj-AL,Athletics,109,453,396,58,97,27,3,19,56,53,4,91,3,0,1,9,2,1,0.245,0.338,0.472,0.81,691016
Nick Sogard,28,6,Maj-AL,Boston,43,185,155,24,42,11,1,3,13,25,0,34,0,4,1,2,0,0,0.271,0.37,0.413,0.783,686765
Nick Solak,31,78,Maj-NL,San Diego,4,10,7,0,1,0,0,0,1,1,0,0,1,0,1,0,0,0,0.143,0.3,0.143,0.443,669256
Jorge Soler,34,36,Maj-AL,Los Angeles,86,361,316,36,64,16,1,12,49,35,0,118,6,0,4,10,0,0,0.203,0.291,0.373,0.664,624585
Sung-Mun Song,29,6,Maj-NL,San Diego,64,142,120,19,23,4,0,1,16,18,1,26,0,3,1,3,13,4,0.192,0.295,0.25,0.545,823550
Edmundo Sosa,30,7,Maj-NL,Philadelphia,70,217,199,25,47,8,2,7,40,7,0,45,5,1,3,5,3,0,0.236,0.276,0.402,0.678,624641
Lenyn Sosa,26,103,Maj-AL,"Chicago,Toronto",40,117,113,11,22,7,0,1,9,1,0,25,1,1,1,2,0,0,0.195,0.207,0.283,0.49,672820
Juan Soto,27,6,Maj-NL,New York,87,368,301,48,85,8,2,22,54,64,9,50,0,0,2,4,7,3,0.282,0.406,0.542,0.948,665742
Lucas Spence,23,35,Maj-AL,Houston,14,41,37,4,6,1,0,0,3,3,0,15,1,0,0,0,0,1,0.162,0.244,0.189,0.433,828599
George Springer,36,7,Maj-AL,Toronto,106,440,390,51,99,19,2,14,45,42,0,80,3,0,2,9,11,2,0.254,0.33,0.421,0.75,543807
Giancarlo Stanton,36,135,Maj-AL,New York,23,92,86,7,21,6,0,3,13,6,0,28,0,0,0,2,1,0,0.244,0.293,0.419,0.712,519317
Spencer Steer,28,42,Maj-NL,Cincinnati,98,384,340,54,81,14,0,16,40,35,0,86,6,0,2,10,3,0,0.238,0.319,0.421,0.739,668715
Michael Stefanic,30,7,Maj-AL,Athletics,6,8,8,1,3,1,0,0,1,0,0,1,0,0,0,0,0,0,0.375,0.375,0.5,0.875,683021
Tyler Stephenson,29,6,Maj-NL,Cincinnati,109,394,347,36,87,19,0,14,49,41,1,108,2,0,4,5,0,1,0.251,0.33,0.427,0.756,663886
Chad Stevens,27,86,Maj-NL,Colorado,16,34,28,1,1,0,0,0,3,5,0,13,0,0,1,0,0,0,0.036,0.176,0.036,0.212,677060
Sal Stewart,22,6,Maj-NL,Cincinnati,138,599,530,79,141,25,0,31,105,57,5,130,4,0,8,15,12,4,0.266,0.337,0.489,0.826,701398
Trevor Story,33,6,Maj-AL,Boston,43,184,173,17,38,9,0,3,22,8,0,59,1,0,2,6,4,0,0.22,0.255,0.324,0.579,596115
Bryson Stott,28,6,Maj-NL,Philadelphia,132,518,460,60,119,27,6,10,60,51,0,89,2,3,2,11,23,0,0.259,0.334,0.409,0.743,681082
Kyle Stowers,28,6,Maj-NL,Miami,101,424,372,46,91,23,4,16,56,42,3,135,7,1,2,8,1,1,0.245,0.331,0.457,0.788,669065
Myles Straw,31,7,Maj-AL,Toronto,123,273,245,39,56,17,1,3,22,21,0,37,1,3,3,2,7,1,0.229,0.289,0.343,0.632,664702
Garrett Stubbs,33,6,Maj-NL,Philadelphia,30,56,51,10,8,0,0,0,3,2,0,11,2,0,1,0,0,0,0.157,0.214,0.157,0.371,596117
Eugenio Su\xc3\xa1rez,34,6,Maj-NL,Cincinnati,107,426,373,36,77,16,0,20,59,44,1,149,6,0,3,5,0,1,0.206,0.298,0.41,0.708,553993
Brett Sullivan,32,7,Maj-NL,Colorado,70,203,186,22,43,12,1,7,29,12,0,35,1,1,3,4,1,2,0.231,0.277,0.419,0.697,664954
Daniel Susac,25,28,Maj-NL,San Francisco,53,161,144,11,35,8,1,3,22,8,0,36,3,2,4,4,2,2,0.243,0.289,0.375,0.664,691740
Seiya Suzuki,31,6,Maj-NL,Chicago,120,533,461,84,128,28,0,24,80,65,4,132,4,0,3,9,3,0,0.278,0.37,0.495,0.864,673548
Dansby Swanson,32,21,Maj-NL,Chicago,119,458,403,78,87,16,3,18,66,48,0,106,2,1,4,5,17,1,0.216,0.3,0.404,0.704,621020
Fernando Tatis Jr.,27,6,Maj-NL,San Diego,136,600,534,77,150,29,2,17,67,54,5,111,5,1,6,13,31,13,0.281,0.349,0.438,0.787,665487
Leody Taveras,27,6,Maj-AL,Baltimore,121,431,380,53,85,15,6,8,52,40,0,106,1,9,1,8,11,4,0.224,0.299,0.358,0.656,665750
Tim Tawa,27,6,Maj-NL,Arizona,82,269,239,30,58,11,0,9,35,21,0,65,0,6,3,6,8,4,0.243,0.3,0.402,0.702,694374
Samad Taylor,27,7,Maj-NL,San Diego,27,104,89,15,30,1,1,1,11,12,0,30,0,3,0,2,6,1,0.337,0.416,0.404,0.82,669392
Tyrone Taylor,32,6,Maj-NL,"Chicago,New York",85,209,189,31,53,11,0,11,33,13,0,37,2,4,1,0,3,2,0.28,0.332,0.513,0.845,621438
Kyle Teel,24,48,Maj-AL,Chicago,19,70,63,9,12,2,0,2,14,6,0,27,1,0,0,1,0,0,0.19,0.271,0.317,0.589,691019
Rowdy Tellez,31,68,Maj-NL,Atlanta,7,11,10,2,2,0,0,1,4,1,0,3,0,0,0,0,0,0,0.2,0.273,0.5,0.773,642133
Jos\xc3\xa9 Tena,25,6,Maj-NL,Washington,105,271,242,33,55,12,2,7,22,26,0,82,3,0,0,6,4,2,0.227,0.31,0.38,0.69,677588
Bryce Teodosio,27,11,Maj-AL,Los Angeles,35,54,49,5,10,2,0,0,2,4,0,18,0,1,0,1,4,1,0.204,0.264,0.245,0.509,669326
Alek Thomas,26,8,Maj-NL,"Arizona,Los Angeles",35,120,113,13,21,10,0,2,13,4,0,27,2,1,0,5,4,0,0.186,0.227,0.327,0.554,677950
Colby Thomas,25,38,Maj-AL,Athletics,55,121,114,11,23,3,0,4,11,4,0,37,1,2,0,3,1,1,0.202,0.235,0.333,0.569,687515
Lane Thomas,30,8,"Maj-AL,Maj-NL","Atlanta,Kansas City",116,368,321,36,73,19,0,11,40,43,0,90,2,0,2,4,9,3,0.227,0.321,0.389,0.71,657041
Sterlin Thompson,25,77,Maj-NL,Colorado,26,77,69,7,16,4,0,2,10,5,0,21,3,0,0,3,0,0,0.232,0.312,0.377,0.688,694514
Michael Toglia,27,16,Maj-NL,Cincinnati,10,28,26,2,3,2,0,0,1,2,0,12,0,0,0,1,0,0,0.115,0.179,0.192,0.371,669911
Tyler Tolbert,28,7,Maj-AL,Kansas City,65,132,114,30,35,5,0,3,8,12,0,24,1,4,1,3,20,3,0.307,0.375,0.43,0.805,686475
Spencer Torkelson,26,6,Maj-AL,Detroit,135,524,455,54,100,23,0,20,63,58,0,165,6,0,4,11,0,1,0.22,0.314,0.402,0.716,679529
Luis Torrens,30,6,Maj-NL,New York,80,244,222,31,53,12,0,8,33,16,0,48,4,2,0,3,1,0,0.239,0.302,0.401,0.703,620443
Bryan Torres,28,7,Maj-NL,St. Louis,59,140,125,15,33,1,2,4,18,11,0,27,1,1,2,0,2,0,0.264,0.324,0.4,0.724,663494
Gleyber Torres,29,6,Maj-AL,Detroit,79,350,299,46,78,12,0,8,36,46,2,65,3,0,2,6,0,0,0.261,0.363,0.381,0.744,650402
Ezequiel Tovar,24,6,Maj-NL,Colorado,126,447,409,44,85,21,0,10,41,27,0,113,2,1,8,7,6,1,0.208,0.256,0.333,0.588,678662
Taylor Trammell,28,6,Maj-AL,Houston,80,228,203,26,41,6,2,7,20,20,1,70,4,1,0,2,3,3,0.202,0.286,0.355,0.641,666211
Jose Trevino,33,8,Maj-NL,Cincinnati,39,126,122,12,28,3,0,5,15,1,0,23,0,2,1,2,0,1,0.23,0.234,0.377,0.611,624431
James Triantos,23,21,Maj-NL,Chicago,7,9,8,2,1,0,0,0,0,1,0,2,0,0,0,0,0,0,0.125,0.222,0.125,0.347,701649
Jared Triolo,28,7,Maj-NL,Pittsburgh,101,322,288,30,71,12,0,3,26,26,0,64,5,1,0,8,10,1,0.247,0.32,0.319,0.639,669707
Chadwick Tromp,31,39,"Maj-AL,Maj-NL","Atlanta,Baltimore",21,51,49,2,8,1,0,0,4,0,0,13,0,1,1,3,0,0,0.163,0.16,0.184,0.344,644433
Mike Trout,34,6,Maj-AL,Los Angeles,119,532,432,75,104,21,0,20,50,89,11,135,8,0,2,7,11,0,0.241,0.379,0.428,0.807,545361
Tommy Troy,24,57,Maj-NL,Arizona,39,134,121,22,27,3,1,4,9,13,0,31,0,0,0,0,1,0,0.223,0.299,0.364,0.662,694371
Kyle Tucker,29,7,Maj-NL,Los Angeles,129,528,456,71,104,20,3,11,57,65,1,95,3,0,4,4,9,0,0.228,0.326,0.357,0.683,663656
Brice Turang,26,6,Maj-NL,Milwaukee,127,578,499,81,126,29,3,17,78,73,3,145,0,4,2,8,18,5,0.253,0.347,0.425,0.772,668930
Trea Turner,33,6,Maj-NL,Philadelphia,133,593,547,87,132,22,1,17,51,39,1,128,4,0,3,10,18,4,0.241,0.295,0.378,0.674,607208
Luis Ur\xc3\xadas,29,31,Maj-AL,Toronto,26,59,52,5,13,3,0,3,8,6,0,10,0,0,1,2,0,0,0.25,0.322,0.481,0.803,649966
Ram\xc3\xb3n Ur\xc3\xadas,32,7,Maj-NL,St. Louis,32,86,73,13,11,3,0,3,7,8,0,15,4,0,1,2,0,1,0.151,0.267,0.315,0.583,602104
Esmerlyn Valdez,22,7,Maj-NL,Pittsburgh,65,259,217,37,53,13,1,16,44,38,0,97,1,0,3,6,0,1,0.244,0.355,0.535,0.89,699013
Eduardo Valencia,26,6,Maj-AL,Detroit,27,79,77,13,24,7,0,6,17,1,0,24,1,0,0,3,0,0,0.312,0.329,0.636,0.965,680664
Brandon Valenzuela,25,9,Maj-AL,Toronto,80,241,214,25,48,9,0,8,21,24,0,63,1,1,1,4,1,0,0.224,0.304,0.379,0.683,678218
George Valera,25,131,Maj-AL,Cleveland,13,38,37,1,8,3,0,0,6,1,0,8,0,0,0,1,0,0,0.216,0.237,0.297,0.534,671655
Ildemaro Vargas,34,6,Maj-NL,Arizona,123,436,407,54,103,18,5,9,66,23,2,44,2,1,2,6,3,1,0.253,0.295,0.388,0.683,545121
Miguel Vargas,26,6,Maj-AL,Chicago,135,596,498,92,124,30,1,29,76,85,5,105,7,0,5,8,13,2,0.249,0.363,0.488,0.851,678246
Daulton Varsho,29,6,Maj-AL,"Houston,Toronto",124,466,426,46,97,22,2,10,36,37,2,94,2,0,1,4,10,0,0.228,0.292,0.359,0.651,662139
Randy V\xc3\xa1squez,27,49,Maj-NL,San Diego,1,1,1,0,0,0,0,0,0,0,0,0,0,0,0,0,0,0,0.0,0.0,0.0,0.0,681190
Andrew Vaughn,28,6,Maj-NL,Milwaukee,91,292,252,30,78,16,2,5,39,32,1,45,6,0,2,6,0,0,0.31,0.397,0.448,0.846,683734
Christian V\xc3\xa1zquez,35,6,Maj-AL,Houston,79,249,225,22,48,7,0,7,25,18,1,49,0,5,1,3,1,0,0.213,0.27,0.338,0.608,543877
Luis V\xc3\xa1zquez,26,11,Maj-AL,Baltimore,1,0,0,1,0,0,0,0,0,0,0,0,0,0,0,0,0,0,,,,,676679
Zac Veen,24,6,Maj-NL,Colorado,16,35,31,4,7,1,0,2,7,3,0,14,1,0,0,0,1,0,0.226,0.314,0.452,0.766,691728
Andrew Velazquez,31,37,Maj-AL,Kansas City,6,15,15,0,1,0,0,0,0,0,0,2,0,0,0,0,1,0,0.067,0.067,0.067,0.133,623205
Nelson Vel\xc3\xa1zquez,27,6,"Maj-AL,Maj-NL","Houston,St. Louis",42,98,88,11,17,4,0,5,15,7,0,33,1,0,2,0,0,0,0.193,0.255,0.409,0.664,676369
Mark Vientos,26,6,Maj-NL,New York,74,258,241,26,51,9,0,12,36,12,0,62,3,0,2,12,0,0,0.212,0.256,0.398,0.654,668901
Matt Vierling,29,39,Maj-AL,Detroit,92,291,266,24,55,13,3,5,31,19,0,49,0,1,5,5,4,2,0.207,0.255,0.335,0.59,663837
Ryan Vilade,27,7,Maj-AL,Tampa Bay,79,225,201,25,52,8,1,11,37,19,1,50,1,1,3,4,3,1,0.259,0.321,0.473,0.794,668723
Jorbit Vivas,25,6,Maj-NL,Washington,104,309,262,28,63,11,1,3,25,35,0,41,4,3,4,3,2,1,0.24,0.334,0.324,0.659,678391
Anthony Volpe,25,36,Maj-AL,New York,56,194,171,20,41,9,1,1,19,22,0,45,0,0,1,0,7,4,0.24,0.325,0.322,0.646,683011
LaMonte Wade Jr.,32,7,Maj-AL,Houston,41,118,100,14,21,5,0,3,17,18,0,29,0,0,0,0,0,0,0.21,0.331,0.35,0.681,664774
Eric Wagaman,28,12,Maj-NL,New York,25,52,47,5,9,0,0,2,5,4,0,12,1,0,0,1,0,0,0.191,0.269,0.319,0.588,676572
Will Wagner,27,70,Maj-NL,San Diego,16,45,35,5,9,1,0,0,0,10,1,7,0,0,0,2,0,0,0.257,0.422,0.286,0.708,695238
Ryan Waldschmidt,23,6,Maj-NL,Arizona,71,253,225,27,61,15,1,3,22,18,0,72,4,2,3,5,7,2,0.271,0.332,0.387,0.719,814439
Christian Walker,35,6,Maj-AL,Houston,133,546,490,64,112,25,1,24,76,44,2,127,10,0,2,13,0,0,0.229,0.304,0.431,0.735,572233
Jordan Walker,24,7,Maj-NL,St. Louis,134,572,522,86,149,29,0,27,97,43,1,139,4,0,3,11,18,5,0.285,0.343,0.496,0.839,691023
Matt Wallner,28,116,Maj-AL,Minnesota,34,135,120,14,20,3,0,4,10,10,0,53,5,0,0,2,0,1,0.167,0.259,0.292,0.551,670242
Taylor Walls,29,6,Maj-AL,Tampa Bay,113,394,338,53,74,14,2,2,32,40,0,96,3,10,3,4,21,3,0.219,0.305,0.29,0.595,670764
Donovan Walton,32,7,Maj-AL,"Athletics,Los Angeles",69,195,167,30,46,12,1,4,20,20,0,31,6,2,0,7,2,2,0.275,0.373,0.431,0.804,622268
Ryan Ward,28,71,Maj-NL,Los Angeles,20,60,55,8,12,4,0,3,12,5,0,17,0,0,0,2,0,0,0.218,0.283,0.455,0.738,669899
Taylor Ward,32,6,Maj-AL,"Baltimore,Seattle",130,581,476,69,109,20,1,7,34,95,2,124,7,0,3,8,4,3,0.229,0.363,0.319,0.682,621493
Kahlil Watson,23,47,Maj-AL,Cleveland,27,91,88,6,21,6,0,1,11,3,0,32,0,0,0,2,9,1,0.239,0.264,0.341,0.605,696135
Austin Wells,26,6,Maj-AL,New York,102,321,282,28,50,7,0,10,26,33,2,89,3,1,2,10,2,0,0.177,0.269,0.309,0.577,669224
Davis Wendzel,29,89,Maj-NL,Pittsburgh,2,4,4,0,0,0,0,0,0,0,0,0,0,0,0,0,0,0,0.0,0.0,0.0,0.0,673995
JJ Wetherholt,23,8,Maj-NL,St. Louis,130,586,505,88,122,14,0,17,48,63,2,95,16,0,2,5,14,1,0.242,0.343,0.37,0.713,802139
Shay Whitcomb,27,6,"Maj-AL,Maj-NL","Houston,San Francisco",25,52,50,4,5,1,0,3,8,1,0,21,0,1,0,0,0,0,0.1,0.118,0.3,0.418,694376
Eli White,32,6,"Maj-AL,Maj-NL","Atlanta,Boston",87,177,164,25,38,6,1,5,20,11,0,40,1,0,1,2,5,1,0.232,0.282,0.372,0.654,642201
Tommy White,23,6,Maj-AL,Athletics,39,154,149,16,38,5,0,2,8,4,0,26,0,0,1,4,0,1,0.255,0.273,0.329,0.602,695720
Joey Wiemer,27,111,Maj-NL,Washington,32,83,70,16,20,5,1,3,12,12,0,29,1,0,0,2,1,0,0.286,0.398,0.514,0.912,686894
Alika Williams,27,7,Maj-AL,Athletics,68,168,156,19,41,14,1,2,12,6,0,40,2,3,1,3,0,1,0.263,0.297,0.404,0.701,675961
Carson Williams,23,26,Maj-AL,Tampa Bay,16,40,37,7,4,1,0,1,6,2,0,13,0,1,0,1,0,0,0.108,0.154,0.216,0.37,700246
Luke Williams,29,147,Maj-NL,Atlanta,2,1,0,0,0,0,0,0,0,1,0,0,0,0,0,0,0,0,,1.0,,,663897
Ben Williamson,25,32,Maj-AL,Tampa Bay,83,270,247,31,61,10,1,3,26,20,0,51,2,1,0,6,8,1,0.247,0.309,0.332,0.641,810938
Jacob Wilson,24,21,Maj-AL,Athletics,80,337,320,37,85,16,1,7,37,12,0,39,3,1,1,7,4,0,0.266,0.298,0.388,0.685,805779
Weston Wilson,31,6,Maj-AL,"Baltimore,Seattle",54,137,121,16,24,4,0,4,11,15,0,45,1,0,0,1,5,1,0.198,0.292,0.331,0.623,642215
Will Wilson,27,130,Maj-AL,Seattle,2,6,5,1,1,0,0,1,2,1,0,1,0,0,0,0,0,0,0.2,0.333,0.8,1.133,669717
Masyn Winn,24,16,Maj-NL,St. Louis,122,490,432,49,103,19,2,5,51,44,0,105,7,0,7,9,10,2,0.238,0.314,0.326,0.641,691026
Patrick Wisdom,34,7,Maj-AL,Seattle,18,49,46,3,5,1,0,1,4,3,1,20,0,0,0,0,0,0,0.109,0.163,0.196,0.359,621550
Bobby Witt Jr.,26,7,Maj-AL,Kansas City,119,527,467,77,133,28,1,16,49,55,8,91,2,0,3,6,36,7,0.285,0.361,0.452,0.812,677951
Connor Wong,30,6,Maj-AL,Boston,68,214,187,21,46,11,0,4,23,16,0,51,6,4,1,6,3,1,0.246,0.324,0.369,0.693,657136
James Wood,23,34,Maj-NL,Washington,114,535,437,100,116,26,1,30,73,90,9,153,4,0,4,5,17,2,0.265,0.393,0.535,0.928,695578
Gage Workman,26,32,"Maj-AL,Maj-NL","Detroit,San Diego",18,41,41,3,7,4,0,2,8,0,0,17,0,0,0,1,0,0,0.171,0.171,0.415,0.585,669398
Austin Wynns,35,21,"Maj-AL,Maj-NL","Athletics,Atlanta,Texas",34,89,82,4,12,0,0,1,1,5,0,24,0,2,0,0,0,0,0.146,0.195,0.183,0.378,642851
Mike Yastrzemski,35,6,Maj-NL,Atlanta,119,346,306,41,68,16,1,9,34,34,0,85,4,0,2,4,1,0,0.222,0.306,0.369,0.676,573262
Christian Yelich,34,6,Maj-NL,Milwaukee,97,419,370,55,88,22,2,9,47,41,4,110,4,1,3,7,11,1,0.238,0.318,0.381,0.699,592885
Nick Yorke,24,7,Maj-NL,Pittsburgh,36,112,102,7,21,4,0,1,12,7,0,26,2,0,1,3,1,0,0.206,0.268,0.275,0.542,694377
Masataka Yoshida,32,22,Maj-AL,Boston,87,297,263,34,72,16,1,5,28,28,1,33,3,0,3,1,2,0,0.274,0.347,0.399,0.746,807799
Cole Young,22,6,Maj-AL,Seattle,137,550,500,64,122,16,3,16,57,36,0,93,10,1,3,7,3,5,0.244,0.306,0.384,0.69,702284
Jacob Young,26,6,Maj-NL,Washington,122,418,374,51,92,19,3,10,43,30,0,70,8,4,2,6,17,3,0.246,0.314,0.393,0.707,696285
Jared Young,30,6,Maj-NL,New York,89,290,264,33,71,16,3,8,35,18,0,55,6,0,2,4,3,1,0.269,0.328,0.443,0.771,676724
